group_index,group_id,size,first_index,minimum_length,maximum_length,negative_n,positive_n
0,SW60C80_00000,1,0,11,11,0,1
1,SW60C80_00001,2,1,3,3,2,0
2,SW60C80_00002,1,2,17,17,0,1
3,SW60C80_00003,2,3,3,3,2,0
4,SW60C80_00004,1,4,14,14,0,1
5,SW60C80_00005,1,5,10,10,0,1
6,SW60C80_00006,1,6,17,17,1,0
7,SW60C80_00007,2,7,10,11,0,2
8,SW60C80_00008,3,8,4,4,0,3
9,SW60C80_00009,1,9,13,13,0,1
10,SW60C80_00010,1,10,12,12,0,1
11,SW60C80_00011,1,11,4,4,1,0
12,SW60C80_00012,1,12,14,14,0,1
13,SW60C80_00013,1,13,10,10,1,0
14,SW60C80_00014,3,14,3,3,3,0
15,SW60C80_00015,2,15,8,8,0,2
16,SW60C80_00016,1,16,6,6,0,1
17,SW60C80_00017,2,17,6,6,2,0
18,SW60C80_00018,1,18,2,2,1,0
19,SW60C80_00019,18,19,3,3,14,4
20,SW60C80_00020,3,20,3,4,2,1
21,SW60C80_00021,1,21,11,11,1,0
22,SW60C80_00022,1,22,5,5,0,1
23,SW60C80_00023,1,23,8,8,0,1
24,SW60C80_00024,1,24,13,13,1,0
25,SW60C80_00025,2,25,9,9,0,2
26,SW60C80_00026,1,26,14,14,0,1
27,SW60C80_00027,3,27,4,5,0,3
28,SW60C80_00028,3,28,5,6,2,1
29,SW60C80_00029,1,29,13,13,0,1
30,SW60C80_00030,1,30,2,2,1,0
31,SW60C80_00031,1,31,9,9,1,0
32,SW60C80_00032,1,32,4,4,1,0
33,SW60C80_00033,1,33,5,5,1,0
34,SW60C80_00034,1,34,4,4,0,1
35,SW60C80_00035,1,35,11,11,0,1
36,SW60C80_00036,1,36,13,13,0,1
37,SW60C80_00037,1,37,12,12,0,1
38,SW60C80_00038,4,38,5,6,3,1
39,SW60C80_00039,5,40,14,14,0,5
40,SW60C80_00040,11,41,5,9,2,9
41,SW60C80_00041,1,42,9,9,0,1
42,SW60C80_00042,1,43,2,2,0,1
43,SW60C80_00043,4,44,3,3,3,1
44,SW60C80_00044,3,45,3,3,2,1
45,SW60C80_00045,1,46,11,11,0,1
46,SW60C80_00046,1,47,20,20,1,0
47,SW60C80_00047,1,48,1,1,0,1
48,SW60C80_00048,1,49,5,5,0,1
49,SW60C80_00049,1,50,7,7,0,1
50,SW60C80_00050,2,51,5,5,2,0
51,SW60C80_00051,4,52,3,3,2,2
52,SW60C80_00052,23,53,3,3,1,22
53,SW60C80_00053,1,54,15,15,0,1
54,SW60C80_00054,1,55,15,15,0,1
55,SW60C80_00055,12,56,3,3,8,4
56,SW60C80_00056,1,57,12,12,1,0
57,SW60C80_00057,1,58,9,9,1,0
58,SW60C80_00058,4,59,4,6,0,4
59,SW60C80_00059,1,60,6,6,1,0
60,SW60C80_00060,1,63,7,7,1,0
61,SW60C80_00061,1,64,13,13,1,0
62,SW60C80_00062,1,65,10,10,0,1
63,SW60C80_00063,1,66,3,3,0,1
64,SW60C80_00064,3,67,3,3,3,0
65,SW60C80_00065,2,68,9,10,0,2
66,SW60C80_00066,1,69,7,7,0,1
67,SW60C80_00067,1,70,1,1,0,1
68,SW60C80_00068,1,71,16,16,0,1
69,SW60C80_00069,1,72,6,6,1,0
70,SW60C80_00070,1,73,4,4,1,0
71,SW60C80_00071,5,74,4,5,2,3
72,SW60C80_00072,1,75,5,5,1,0
73,SW60C80_00073,1,76,15,15,1,0
74,SW60C80_00074,3,77,5,6,0,3
75,SW60C80_00075,1,78,8,8,1,0
76,SW60C80_00076,1,79,8,8,1,0
77,SW60C80_00077,6,80,3,3,5,1
78,SW60C80_00078,2,81,11,12,0,2
79,SW60C80_00079,4,82,3,3,2,2
80,SW60C80_00080,2,83,3,3,1,1
81,SW60C80_00081,1,84,9,9,0,1
82,SW60C80_00082,3,85,3,3,3,0
83,SW60C80_00083,1,86,5,5,0,1
84,SW60C80_00084,1,87,10,10,0,1
85,SW60C80_00085,38,88,3,3,18,20
86,SW60C80_00086,1,89,5,5,0,1
87,SW60C80_00087,2,90,4,5,0,2
88,SW60C80_00088,2,91,3,3,1,1
89,SW60C80_00089,1,92,5,5,0,1
90,SW60C80_00090,1,93,4,4,1,0
91,SW60C80_00091,2,95,3,3,1,1
92,SW60C80_00092,1,96,9,9,1,0
93,SW60C80_00093,1,97,5,5,1,0
94,SW60C80_00094,1,98,12,12,0,1
95,SW60C80_00095,1,99,6,6,0,1
96,SW60C80_00096,1,100,2,2,0,1
97,SW60C80_00097,1,101,3,3,1,0
98,SW60C80_00098,2,102,3,3,1,1
99,SW60C80_00099,1,103,3,3,0,1
100,SW60C80_00100,1,104,11,11,0,1
101,SW60C80_00101,1,105,9,9,1,0
102,SW60C80_00102,1,107,5,5,1,0
103,SW60C80_00103,12,108,4,7,0,12
104,SW60C80_00104,1,109,5,5,0,1
105,SW60C80_00105,1,110,3,3,1,0
106,SW60C80_00106,2,111,3,3,2,0
107,SW60C80_00107,2,112,4,5,0,2
108,SW60C80_00108,3,114,3,3,3,0
109,SW60C80_00109,1,116,5,5,1,0
110,SW60C80_00110,1,117,6,6,1,0
111,SW60C80_00111,3,118,3,3,2,1
112,SW60C80_00112,1,121,6,6,0,1
113,SW60C80_00113,1,123,4,4,1,0
114,SW60C80_00114,1,124,10,10,1,0
115,SW60C80_00115,2,125,3,3,0,2
116,SW60C80_00116,1,126,4,4,1,0
117,SW60C80_00117,1,127,2,2,0,1
118,SW60C80_00118,1,128,22,22,0,1
119,SW60C80_00119,3,129,5,6,0,3
120,SW60C80_00120,1,130,26,26,0,1
121,SW60C80_00121,1,132,10,10,1,0
122,SW60C80_00122,1,133,13,13,1,0
123,SW60C80_00123,1,135,3,3,0,1
124,SW60C80_00124,4,136,4,6,0,4
125,SW60C80_00125,1,137,10,10,0,1
126,SW60C80_00126,1,138,13,13,0,1
127,SW60C80_00127,1,139,11,11,1,0
128,SW60C80_00128,1,140,8,8,1,0
129,SW60C80_00129,2,141,4,5,0,2
130,SW60C80_00130,6,142,3,3,2,4
131,SW60C80_00131,4,143,5,6,3,1
132,SW60C80_00132,1,144,14,14,0,1
133,SW60C80_00133,1,145,10,10,0,1
134,SW60C80_00134,1,146,3,3,1,0
135,SW60C80_00135,1,147,16,16,1,0
136,SW60C80_00136,1,148,6,6,1,0
137,SW60C80_00137,1,149,12,12,1,0
138,SW60C80_00138,9,150,3,3,8,1
139,SW60C80_00139,1,152,4,4,0,1
140,SW60C80_00140,3,153,4,5,3,0
141,SW60C80_00141,1,154,8,8,1,0
142,SW60C80_00142,1,155,13,13,0,1
143,SW60C80_00143,1,156,6,6,1,0
144,SW60C80_00144,1,157,10,10,1,0
145,SW60C80_00145,1,158,5,5,1,0
146,SW60C80_00146,1,159,3,3,0,1
147,SW60C80_00147,2,160,7,7,0,2
148,SW60C80_00148,1,161,7,7,1,0
149,SW60C80_00149,2,162,5,5,0,2
150,SW60C80_00150,2,163,3,3,0,2
151,SW60C80_00151,1,164,6,6,0,1
152,SW60C80_00152,1,165,6,6,0,1
153,SW60C80_00153,1,166,6,6,0,1
154,SW60C80_00154,1,167,11,11,1,0
155,SW60C80_00155,1,168,1,1,0,1
156,SW60C80_00156,1,169,8,8,1,0
157,SW60C80_00157,1,170,8,8,1,0
158,SW60C80_00158,1,171,17,17,1,0
159,SW60C80_00159,2,172,3,3,0,2
160,SW60C80_00160,3,173,3,3,3,0
161,SW60C80_00161,1,174,6,6,1,0
162,SW60C80_00162,1,175,3,3,0,1
163,SW60C80_00163,7,176,3,3,4,3
164,SW60C80_00164,1,177,8,8,0,1
165,SW60C80_00165,1,180,2,2,1,0
166,SW60C80_00166,1,181,23,23,0,1
167,SW60C80_00167,10,182,3,3,0,10
168,SW60C80_00168,1,183,3,3,1,0
169,SW60C80_00169,3,184,4,5,0,3
170,SW60C80_00170,1,185,14,14,1,0
171,SW60C80_00171,1,186,11,11,1,0
172,SW60C80_00172,2,187,3,3,2,0
173,SW60C80_00173,1,188,10,10,1,0
174,SW60C80_00174,1,189,8,8,1,0
175,SW60C80_00175,1,190,3,3,0,1
176,SW60C80_00176,1,191,4,4,0,1
177,SW60C80_00177,2,193,3,3,1,1
178,SW60C80_00178,1,194,3,3,0,1
179,SW60C80_00179,3,195,4,6,3,0
180,SW60C80_00180,1,196,8,8,0,1
181,SW60C80_00181,1,197,6,6,0,1
182,SW60C80_00182,9,198,3,3,0,9
183,SW60C80_00183,1,199,14,14,1,0
184,SW60C80_00184,1,200,12,12,0,1
185,SW60C80_00185,1,201,13,13,0,1
186,SW60C80_00186,1,202,14,14,1,0
187,SW60C80_00187,1,204,2,2,0,1
188,SW60C80_00188,16,206,3,3,0,16
189,SW60C80_00189,1,207,9,9,1,0
190,SW60C80_00190,1,208,31,31,0,1
191,SW60C80_00191,6,210,3,3,3,3
192,SW60C80_00192,4,211,3,3,3,1
193,SW60C80_00193,7,212,3,3,3,4
194,SW60C80_00194,2,213,3,3,2,0
195,SW60C80_00195,3,215,3,3,0,3
196,SW60C80_00196,1,216,3,3,0,1
197,SW60C80_00197,3,217,3,3,2,1
198,SW60C80_00198,1,218,12,12,1,0
199,SW60C80_00199,1,219,16,16,0,1
200,SW60C80_00200,1,220,5,5,1,0
201,SW60C80_00201,1,221,7,7,1,0
202,SW60C80_00202,1,223,4,4,1,0
203,SW60C80_00203,1,224,8,8,1,0
204,SW60C80_00204,2,226,3,3,1,1
205,SW60C80_00205,1,227,12,12,1,0
206,SW60C80_00206,1,228,5,5,0,1
207,SW60C80_00207,1,229,4,4,0,1
208,SW60C80_00208,1,230,7,7,0,1
209,SW60C80_00209,2,231,3,3,0,2
210,SW60C80_00210,1,232,16,16,1,0
211,SW60C80_00211,1,233,5,5,0,1
212,SW60C80_00212,1,234,5,5,1,0
213,SW60C80_00213,1,235,17,17,1,0
214,SW60C80_00214,1,236,5,5,1,0
215,SW60C80_00215,7,237,3,3,5,2
216,SW60C80_00216,3,238,3,3,2,1
217,SW60C80_00217,1,239,3,3,0,1
218,SW60C80_00218,1,240,16,16,0,1
219,SW60C80_00219,1,241,15,15,0,1
220,SW60C80_00220,2,243,6,6,1,1
221,SW60C80_00221,1,244,3,3,1,0
222,SW60C80_00222,1,245,10,10,0,1
223,SW60C80_00223,1,246,9,9,0,1
224,SW60C80_00224,1,247,13,13,1,0
225,SW60C80_00225,1,248,10,10,0,1
226,SW60C80_00226,1,249,8,8,1,0
227,SW60C80_00227,1,251,2,2,1,0
228,SW60C80_00228,1,252,10,10,1,0
229,SW60C80_00229,1,253,11,11,0,1
230,SW60C80_00230,1,255,13,13,0,1
231,SW60C80_00231,1,256,3,3,0,1
232,SW60C80_00232,2,257,6,6,0,2
233,SW60C80_00233,1,258,15,15,1,0
234,SW60C80_00234,1,259,2,2,0,1
235,SW60C80_00235,2,260,31,31,0,2
236,SW60C80_00236,4,261,4,7,0,4
237,SW60C80_00237,1,265,5,5,1,0
238,SW60C80_00238,1,266,8,8,1,0
239,SW60C80_00239,1,267,4,4,0,1
240,SW60C80_00240,1,269,6,6,1,0
241,SW60C80_00241,1,270,15,15,0,1
242,SW60C80_00242,1,272,11,11,0,1
243,SW60C80_00243,10,273,3,5,7,3
244,SW60C80_00244,1,274,4,4,1,0
245,SW60C80_00245,2,275,3,3,2,0
246,SW60C80_00246,1,276,11,11,1,0
247,SW60C80_00247,3,277,3,3,2,1
248,SW60C80_00248,2,278,5,6,0,2
249,SW60C80_00249,2,279,3,3,2,0
250,SW60C80_00250,16,280,3,3,14,2
251,SW60C80_00251,1,281,12,12,0,1
252,SW60C80_00252,1,282,12,12,0,1
253,SW60C80_00253,1,283,3,3,0,1
254,SW60C80_00254,1,284,18,18,1,0
255,SW60C80_00255,1,286,14,14,1,0
256,SW60C80_00256,1,287,20,20,1,0
257,SW60C80_00257,1,289,3,3,0,1
258,SW60C80_00258,1,290,3,3,1,0
259,SW60C80_00259,1,291,2,2,1,0
260,SW60C80_00260,1,292,14,14,1,0
261,SW60C80_00261,2,296,3,3,2,0
262,SW60C80_00262,2,297,4,5,0,2
263,SW60C80_00263,1,298,12,12,0,1
264,SW60C80_00264,1,299,11,11,0,1
265,SW60C80_00265,1,300,5,5,1,0
266,SW60C80_00266,1,301,6,6,1,0
267,SW60C80_00267,1,303,6,6,1,0
268,SW60C80_00268,1,304,11,11,1,0
269,SW60C80_00269,1,305,7,7,1,0
270,SW60C80_00270,1,306,9,9,0,1
271,SW60C80_00271,1,307,3,3,1,0
272,SW60C80_00272,1,308,9,9,0,1
273,SW60C80_00273,1,310,9,9,0,1
274,SW60C80_00274,8,311,3,3,6,2
275,SW60C80_00275,1,312,15,15,0,1
276,SW60C80_00276,1,313,7,7,1,0
277,SW60C80_00277,2,314,3,3,2,0
278,SW60C80_00278,1,315,12,12,0,1
279,SW60C80_00279,1,317,10,10,0,1
280,SW60C80_00280,1,318,6,6,0,1
281,SW60C80_00281,1,319,15,15,0,1
282,SW60C80_00282,1,320,10,10,1,0
283,SW60C80_00283,6,322,9,12,0,6
284,SW60C80_00284,1,324,16,16,1,0
285,SW60C80_00285,1,326,27,27,0,1
286,SW60C80_00286,1,327,12,12,0,1
287,SW60C80_00287,1,328,7,7,0,1
288,SW60C80_00288,1,329,4,4,0,1
289,SW60C80_00289,1,330,20,20,1,0
290,SW60C80_00290,2,331,3,3,2,0
291,SW60C80_00291,1,332,5,5,0,1
292,SW60C80_00292,1,333,12,12,0,1
293,SW60C80_00293,2,334,3,3,1,1
294,SW60C80_00294,1,336,4,4,1,0
295,SW60C80_00295,1,337,5,5,1,0
296,SW60C80_00296,3,338,3,3,2,1
297,SW60C80_00297,2,339,3,3,0,2
298,SW60C80_00298,1,340,6,6,0,1
299,SW60C80_00299,1,341,7,7,1,0
300,SW60C80_00300,1,342,13,13,1,0
301,SW60C80_00301,1,344,3,3,1,0
302,SW60C80_00302,1,345,8,8,1,0
303,SW60C80_00303,1,346,7,7,0,1
304,SW60C80_00304,1,347,8,8,1,0
305,SW60C80_00305,1,349,6,6,1,0
306,SW60C80_00306,1,350,8,8,0,1
307,SW60C80_00307,1,351,12,12,1,0
308,SW60C80_00308,1,352,4,4,0,1
309,SW60C80_00309,1,353,16,16,1,0
310,SW60C80_00310,1,354,7,7,0,1
311,SW60C80_00311,2,355,3,3,0,2
312,SW60C80_00312,2,356,3,3,2,0
313,SW60C80_00313,1,357,11,11,1,0
314,SW60C80_00314,1,358,2,2,1,0
315,SW60C80_00315,1,359,19,19,0,1
316,SW60C80_00316,1,360,7,7,1,0
317,SW60C80_00317,1,361,5,5,1,0
318,SW60C80_00318,1,362,16,16,1,0
319,SW60C80_00319,1,363,7,7,1,0
320,SW60C80_00320,1,364,7,7,0,1
321,SW60C80_00321,2,365,5,6,2,0
322,SW60C80_00322,1,366,18,18,0,1
323,SW60C80_00323,1,368,11,11,0,1
324,SW60C80_00324,2,369,11,11,2,0
325,SW60C80_00325,1,370,13,13,1,0
326,SW60C80_00326,1,371,2,2,1,0
327,SW60C80_00327,1,372,3,3,0,1
328,SW60C80_00328,1,376,3,3,1,0
329,SW60C80_00329,2,377,11,11,0,2
330,SW60C80_00330,1,378,2,2,0,1
331,SW60C80_00331,1,379,3,3,0,1
332,SW60C80_00332,1,380,4,4,1,0
333,SW60C80_00333,1,381,5,5,0,1
334,SW60C80_00334,1,382,4,4,0,1
335,SW60C80_00335,1,383,6,6,0,1
336,SW60C80_00336,1,384,18,18,1,0
337,SW60C80_00337,1,386,15,15,0,1
338,SW60C80_00338,1,387,17,17,0,1
339,SW60C80_00339,1,388,13,13,0,1
340,SW60C80_00340,1,389,16,16,0,1
341,SW60C80_00341,1,390,7,7,0,1
342,SW60C80_00342,1,391,7,7,1,0
343,SW60C80_00343,1,392,12,12,1,0
344,SW60C80_00344,1,393,6,6,1,0
345,SW60C80_00345,1,394,4,4,0,1
346,SW60C80_00346,2,395,6,6,2,0
347,SW60C80_00347,1,396,3,3,0,1
348,SW60C80_00348,5,397,4,6,0,5
349,SW60C80_00349,1,398,4,4,0,1
350,SW60C80_00350,4,400,3,3,4,0
351,SW60C80_00351,1,401,13,13,1,0
352,SW60C80_00352,1,404,4,4,1,0
353,SW60C80_00353,1,405,4,4,1,0
354,SW60C80_00354,3,407,5,6,1,2
355,SW60C80_00355,1,408,4,4,0,1
356,SW60C80_00356,1,409,12,12,0,1
357,SW60C80_00357,1,410,4,4,1,0
358,SW60C80_00358,3,411,3,5,3,0
359,SW60C80_00359,1,412,12,12,1,0
360,SW60C80_00360,1,413,23,23,0,1
361,SW60C80_00361,1,414,6,6,0,1
362,SW60C80_00362,1,415,7,7,0,1
363,SW60C80_00363,1,416,9,9,1,0
364,SW60C80_00364,1,417,14,14,1,0
365,SW60C80_00365,8,419,3,3,0,8
366,SW60C80_00366,1,421,8,8,0,1
367,SW60C80_00367,1,422,5,5,1,0
368,SW60C80_00368,1,423,6,6,1,0
369,SW60C80_00369,4,424,6,6,2,2
370,SW60C80_00370,1,425,11,11,0,1
371,SW60C80_00371,1,426,15,15,0,1
372,SW60C80_00372,1,429,2,2,1,0
373,SW60C80_00373,1,430,8,8,0,1
374,SW60C80_00374,1,431,11,11,0,1
375,SW60C80_00375,1,433,6,6,1,0
376,SW60C80_00376,1,434,4,4,0,1
377,SW60C80_00377,2,435,4,4,0,2
378,SW60C80_00378,1,436,9,9,0,1
379,SW60C80_00379,1,437,11,11,1,0
380,SW60C80_00380,1,438,15,15,0,1
381,SW60C80_00381,1,439,4,4,1,0
382,SW60C80_00382,1,440,7,7,1,0
383,SW60C80_00383,1,441,2,2,0,1
384,SW60C80_00384,1,442,7,7,1,0
385,SW60C80_00385,1,443,16,16,0,1
386,SW60C80_00386,1,444,17,17,1,0
387,SW60C80_00387,1,446,12,12,0,1
388,SW60C80_00388,1,448,6,6,1,0
389,SW60C80_00389,1,450,7,7,1,0
390,SW60C80_00390,1,452,3,3,0,1
391,SW60C80_00391,1,453,14,14,0,1
392,SW60C80_00392,1,454,11,11,0,1
393,SW60C80_00393,1,455,15,15,0,1
394,SW60C80_00394,1,456,18,18,0,1
395,SW60C80_00395,1,457,3,3,1,0
396,SW60C80_00396,2,458,7,8,0,2
397,SW60C80_00397,2,460,4,5,2,0
398,SW60C80_00398,1,461,9,9,0,1
399,SW60C80_00399,1,462,7,7,1,0
400,SW60C80_00400,5,463,13,16,0,5
401,SW60C80_00401,1,464,6,6,1,0
402,SW60C80_00402,1,466,11,11,0,1
403,SW60C80_00403,2,467,3,3,2,0
404,SW60C80_00404,1,468,2,2,1,0
405,SW60C80_00405,1,469,6,6,1,0
406,SW60C80_00406,1,471,6,6,1,0
407,SW60C80_00407,1,472,5,5,1,0
408,SW60C80_00408,1,473,14,14,0,1
409,SW60C80_00409,1,475,13,13,0,1
410,SW60C80_00410,1,476,7,7,0,1
411,SW60C80_00411,1,481,16,16,1,0
412,SW60C80_00412,1,483,9,9,1,0
413,SW60C80_00413,1,484,12,12,1,0
414,SW60C80_00414,1,485,16,16,0,1
415,SW60C80_00415,1,487,5,5,1,0
416,SW60C80_00416,1,488,3,3,1,0
417,SW60C80_00417,1,489,4,4,0,1
418,SW60C80_00418,12,491,3,3,5,7
419,SW60C80_00419,2,492,20,20,0,2
420,SW60C80_00420,2,493,3,3,1,1
421,SW60C80_00421,1,494,2,2,1,0
422,SW60C80_00422,1,495,6,6,1,0
423,SW60C80_00423,1,496,2,2,1,0
424,SW60C80_00424,1,497,12,12,1,0
425,SW60C80_00425,1,498,13,13,1,0
426,SW60C80_00426,1,500,13,13,0,1
427,SW60C80_00427,1,501,13,13,1,0
428,SW60C80_00428,3,502,3,3,3,0
429,SW60C80_00429,1,503,4,4,0,1
430,SW60C80_00430,1,504,5,5,1,0
431,SW60C80_00431,1,505,4,4,1,0
432,SW60C80_00432,1,506,9,9,1,0
433,SW60C80_00433,1,507,7,7,1,0
434,SW60C80_00434,1,508,12,12,1,0
435,SW60C80_00435,1,509,12,12,0,1
436,SW60C80_00436,1,510,12,12,1,0
437,SW60C80_00437,1,512,5,5,1,0
438,SW60C80_00438,1,513,4,4,1,0
439,SW60C80_00439,1,514,17,17,1,0
440,SW60C80_00440,1,515,8,8,1,0
441,SW60C80_00441,1,517,3,3,0,1
442,SW60C80_00442,1,518,14,14,1,0
443,SW60C80_00443,1,519,8,8,0,1
444,SW60C80_00444,1,520,11,11,0,1
445,SW60C80_00445,1,521,3,3,0,1
446,SW60C80_00446,1,522,4,4,0,1
447,SW60C80_00447,1,523,7,7,1,0
448,SW60C80_00448,1,524,8,8,1,0
449,SW60C80_00449,1,525,49,49,0,1
450,SW60C80_00450,1,526,6,6,0,1
451,SW60C80_00451,1,527,7,7,0,1
452,SW60C80_00452,1,528,12,12,0,1
453,SW60C80_00453,1,529,14,14,1,0
454,SW60C80_00454,1,530,5,5,0,1
455,SW60C80_00455,2,533,3,3,0,2
456,SW60C80_00456,1,535,2,2,0,1
457,SW60C80_00457,1,536,4,4,1,0
458,SW60C80_00458,1,537,13,13,0,1
459,SW60C80_00459,1,539,14,14,1,0
460,SW60C80_00460,1,540,5,5,1,0
461,SW60C80_00461,1,541,3,3,1,0
462,SW60C80_00462,1,542,4,4,1,0
463,SW60C80_00463,1,543,4,4,1,0
464,SW60C80_00464,1,544,4,4,1,0
465,SW60C80_00465,1,545,10,10,1,0
466,SW60C80_00466,2,546,4,5,1,1
467,SW60C80_00467,2,547,4,4,2,0
468,SW60C80_00468,1,549,7,7,0,1
469,SW60C80_00469,2,550,7,7,0,2
470,SW60C80_00470,1,551,3,3,0,1
471,SW60C80_00471,2,552,3,3,2,0
472,SW60C80_00472,1,554,11,11,0,1
473,SW60C80_00473,1,555,5,5,0,1
474,SW60C80_00474,1,556,15,15,1,0
475,SW60C80_00475,1,557,4,4,0,1
476,SW60C80_00476,1,558,8,8,1,0
477,SW60C80_00477,1,559,12,12,0,1
478,SW60C80_00478,1,560,34,34,0,1
479,SW60C80_00479,1,561,7,7,1,0
480,SW60C80_00480,1,562,11,11,0,1
481,SW60C80_00481,1,563,10,10,1,0
482,SW60C80_00482,5,564,3,3,4,1
483,SW60C80_00483,1,565,12,12,1,0
484,SW60C80_00484,1,566,6,6,1,0
485,SW60C80_00485,1,568,6,6,1,0
486,SW60C80_00486,1,570,4,4,0,1
487,SW60C80_00487,1,571,3,3,1,0
488,SW60C80_00488,1,572,28,28,0,1
489,SW60C80_00489,1,573,10,10,1,0
490,SW60C80_00490,1,574,11,11,0,1
491,SW60C80_00491,1,575,2,2,0,1
492,SW60C80_00492,1,576,13,13,1,0
493,SW60C80_00493,1,577,10,10,0,1
494,SW60C80_00494,1,578,14,14,1,0
495,SW60C80_00495,1,579,13,13,1,0
496,SW60C80_00496,1,582,4,4,0,1
497,SW60C80_00497,1,583,14,14,0,1
498,SW60C80_00498,2,584,9,11,0,2
499,SW60C80_00499,1,586,8,8,0,1
500,SW60C80_00500,1,587,7,7,1,0
501,SW60C80_00501,1,588,11,11,1,0
502,SW60C80_00502,1,589,5,5,0,1
503,SW60C80_00503,1,590,16,16,0,1
504,SW60C80_00504,1,592,4,4,0,1
505,SW60C80_00505,1,593,6,6,1,0
506,SW60C80_00506,1,595,18,18,0,1
507,SW60C80_00507,1,596,15,15,1,0
508,SW60C80_00508,1,597,12,12,0,1
509,SW60C80_00509,1,599,2,2,1,0
510,SW60C80_00510,1,600,7,7,1,0
511,SW60C80_00511,3,601,3,3,1,2
512,SW60C80_00512,2,602,3,3,2,0
513,SW60C80_00513,1,603,8,8,1,0
514,SW60C80_00514,1,604,12,12,0,1
515,SW60C80_00515,1,605,12,12,0,1
516,SW60C80_00516,4,606,3,3,3,1
517,SW60C80_00517,2,607,5,5,0,2
518,SW60C80_00518,2,608,6,6,2,0
519,SW60C80_00519,1,609,5,5,1,0
520,SW60C80_00520,1,610,17,17,1,0
521,SW60C80_00521,1,613,14,14,1,0
522,SW60C80_00522,1,615,3,3,1,0
523,SW60C80_00523,1,616,10,10,1,0
524,SW60C80_00524,1,618,13,13,1,0
525,SW60C80_00525,2,619,4,5,2,0
526,SW60C80_00526,1,620,9,9,0,1
527,SW60C80_00527,1,621,10,10,0,1
528,SW60C80_00528,1,623,10,10,1,0
529,SW60C80_00529,1,626,9,9,1,0
530,SW60C80_00530,5,628,3,3,0,5
531,SW60C80_00531,1,629,4,4,1,0
532,SW60C80_00532,1,630,6,6,1,0
533,SW60C80_00533,1,631,11,11,1,0
534,SW60C80_00534,1,632,5,5,1,0
535,SW60C80_00535,1,633,12,12,1,0
536,SW60C80_00536,1,634,17,17,1,0
537,SW60C80_00537,1,637,4,4,0,1
538,SW60C80_00538,1,639,13,13,1,0
539,SW60C80_00539,1,641,11,11,1,0
540,SW60C80_00540,1,644,6,6,1,0
541,SW60C80_00541,1,647,2,2,1,0
542,SW60C80_00542,1,648,4,4,0,1
543,SW60C80_00543,1,649,6,6,1,0
544,SW60C80_00544,1,650,11,11,1,0
545,SW60C80_00545,1,651,9,9,1,0
546,SW60C80_00546,1,652,11,11,1,0
547,SW60C80_00547,1,653,7,7,1,0
548,SW60C80_00548,1,654,2,2,0,1
549,SW60C80_00549,1,655,4,4,0,1
550,SW60C80_00550,2,656,5,5,1,1
551,SW60C80_00551,1,657,10,10,1,0
552,SW60C80_00552,1,658,15,15,1,0
553,SW60C80_00553,1,659,11,11,0,1
554,SW60C80_00554,1,660,28,28,0,1
555,SW60C80_00555,2,662,4,5,0,2
556,SW60C80_00556,1,663,11,11,1,0
557,SW60C80_00557,1,665,7,7,1,0
558,SW60C80_00558,1,666,5,5,1,0
559,SW60C80_00559,1,667,7,7,1,0
560,SW60C80_00560,1,668,4,4,0,1
561,SW60C80_00561,2,669,8,10,0,2
562,SW60C80_00562,1,671,14,14,1,0
563,SW60C80_00563,1,672,7,7,1,0
564,SW60C80_00564,2,673,3,3,2,0
565,SW60C80_00565,1,674,19,19,1,0
566,SW60C80_00566,1,675,10,10,1,0
567,SW60C80_00567,1,677,6,6,1,0
568,SW60C80_00568,1,678,9,9,1,0
569,SW60C80_00569,2,680,5,5,0,2
570,SW60C80_00570,1,684,9,9,1,0
571,SW60C80_00571,1,686,24,24,0,1
572,SW60C80_00572,1,687,10,10,1,0
573,SW60C80_00573,1,688,4,4,0,1
574,SW60C80_00574,7,689,6,7,0,7
575,SW60C80_00575,1,691,9,9,0,1
576,SW60C80_00576,1,692,16,16,1,0
577,SW60C80_00577,2,693,7,8,0,2
578,SW60C80_00578,1,694,9,9,0,1
579,SW60C80_00579,1,697,2,2,0,1
580,SW60C80_00580,1,699,20,20,1,0
581,SW60C80_00581,1,700,3,3,0,1
582,SW60C80_00582,1,701,8,8,0,1
583,SW60C80_00583,4,702,3,3,4,0
584,SW60C80_00584,1,703,10,10,1,0
585,SW60C80_00585,1,705,5,5,1,0
586,SW60C80_00586,1,706,11,11,1,0
587,SW60C80_00587,1,707,2,2,0,1
588,SW60C80_00588,1,708,11,11,0,1
589,SW60C80_00589,1,710,7,7,0,1
590,SW60C80_00590,1,711,5,5,1,0
591,SW60C80_00591,1,712,10,10,1,0
592,SW60C80_00592,1,713,6,6,0,1
593,SW60C80_00593,1,714,7,7,0,1
594,SW60C80_00594,2,715,3,3,1,1
595,SW60C80_00595,1,716,20,20,1,0
596,SW60C80_00596,1,717,4,4,0,1
597,SW60C80_00597,3,719,3,3,0,3
598,SW60C80_00598,1,720,10,10,0,1
599,SW60C80_00599,1,721,7,7,0,1
600,SW60C80_00600,1,722,11,11,1,0
601,SW60C80_00601,1,723,6,6,0,1
602,SW60C80_00602,1,724,9,9,0,1
603,SW60C80_00603,1,725,4,4,0,1
604,SW60C80_00604,1,726,6,6,0,1
605,SW60C80_00605,1,727,7,7,1,0
606,SW60C80_00606,1,728,4,4,0,1
607,SW60C80_00607,1,730,11,11,1,0
608,SW60C80_00608,1,731,9,9,0,1
609,SW60C80_00609,1,735,5,5,1,0
610,SW60C80_00610,2,736,5,6,2,0
611,SW60C80_00611,2,737,3,3,0,2
612,SW60C80_00612,1,738,4,4,1,0
613,SW60C80_00613,1,739,10,10,0,1
614,SW60C80_00614,1,740,3,3,0,1
615,SW60C80_00615,1,741,14,14,0,1
616,SW60C80_00616,1,742,12,12,1,0
617,SW60C80_00617,1,744,5,5,1,0
618,SW60C80_00618,1,745,7,7,0,1
619,SW60C80_00619,2,746,3,3,2,0
620,SW60C80_00620,1,747,4,4,0,1
621,SW60C80_00621,1,748,8,8,1,0
622,SW60C80_00622,1,749,5,5,0,1
623,SW60C80_00623,1,752,18,18,1,0
624,SW60C80_00624,2,753,6,6,2,0
625,SW60C80_00625,1,754,11,11,1,0
626,SW60C80_00626,1,756,3,3,1,0
627,SW60C80_00627,1,757,6,6,0,1
628,SW60C80_00628,1,759,13,13,0,1
629,SW60C80_00629,1,761,7,7,0,1
630,SW60C80_00630,1,762,21,21,0,1
631,SW60C80_00631,1,763,6,6,0,1
632,SW60C80_00632,1,765,15,15,0,1
633,SW60C80_00633,1,766,6,6,0,1
634,SW60C80_00634,1,768,2,2,0,1
635,SW60C80_00635,1,773,4,4,0,1
636,SW60C80_00636,1,774,9,9,0,1
637,SW60C80_00637,1,775,12,12,1,0
638,SW60C80_00638,1,776,13,13,0,1
639,SW60C80_00639,1,777,8,8,1,0
640,SW60C80_00640,1,778,15,15,0,1
641,SW60C80_00641,1,779,17,17,0,1
642,SW60C80_00642,1,782,8,8,0,1
643,SW60C80_00643,1,783,15,15,0,1
644,SW60C80_00644,1,784,11,11,1,0
645,SW60C80_00645,1,785,8,8,1,0
646,SW60C80_00646,1,786,13,13,1,0
647,SW60C80_00647,1,787,14,14,1,0
648,SW60C80_00648,1,788,10,10,0,1
649,SW60C80_00649,1,789,4,4,1,0
650,SW60C80_00650,1,790,20,20,0,1
651,SW60C80_00651,1,791,10,10,1,0
652,SW60C80_00652,1,792,6,6,1,0
653,SW60C80_00653,1,794,12,12,1,0
654,SW60C80_00654,1,795,8,8,1,0
655,SW60C80_00655,1,796,5,5,0,1
656,SW60C80_00656,1,797,14,14,0,1
657,SW60C80_00657,1,803,2,2,1,0
658,SW60C80_00658,1,804,5,5,0,1
659,SW60C80_00659,1,806,8,8,0,1
660,SW60C80_00660,1,807,19,19,1,0
661,SW60C80_00661,1,808,17,17,0,1
662,SW60C80_00662,1,809,3,3,1,0
663,SW60C80_00663,1,811,13,13,1,0
664,SW60C80_00664,1,812,3,3,1,0
665,SW60C80_00665,1,813,12,12,0,1
666,SW60C80_00666,2,814,3,3,0,2
667,SW60C80_00667,1,815,5,5,1,0
668,SW60C80_00668,1,816,5,5,0,1
669,SW60C80_00669,1,818,10,10,1,0
670,SW60C80_00670,1,819,10,10,0,1
671,SW60C80_00671,1,820,10,10,0,1
672,SW60C80_00672,1,822,4,4,0,1
673,SW60C80_00673,1,823,14,14,0,1
674,SW60C80_00674,1,824,4,4,0,1
675,SW60C80_00675,1,825,13,13,0,1
676,SW60C80_00676,1,826,14,14,0,1
677,SW60C80_00677,1,828,6,6,0,1
678,SW60C80_00678,1,829,12,12,1,0
679,SW60C80_00679,1,830,26,26,0,1
680,SW60C80_00680,1,831,13,13,0,1
681,SW60C80_00681,1,832,11,11,1,0
682,SW60C80_00682,1,834,2,2,0,1
683,SW60C80_00683,1,835,3,3,0,1
684,SW60C80_00684,2,837,5,5,0,2
685,SW60C80_00685,1,838,13,13,0,1
686,SW60C80_00686,1,839,4,4,1,0
687,SW60C80_00687,1,840,18,18,1,0
688,SW60C80_00688,1,841,12,12,0,1
689,SW60C80_00689,1,844,16,16,1,0
690,SW60C80_00690,1,845,10,10,0,1
691,SW60C80_00691,2,846,3,3,2,0
692,SW60C80_00692,2,847,3,3,1,1
693,SW60C80_00693,1,848,17,17,1,0
694,SW60C80_00694,1,849,6,6,1,0
695,SW60C80_00695,1,850,11,11,0,1
696,SW60C80_00696,1,852,3,3,0,1
697,SW60C80_00697,1,853,5,5,0,1
698,SW60C80_00698,1,854,4,4,1,0
699,SW60C80_00699,1,857,17,17,1,0
700,SW60C80_00700,1,858,3,3,1,0
701,SW60C80_00701,1,860,8,8,1,0
702,SW60C80_00702,1,861,5,5,1,0
703,SW60C80_00703,1,863,5,5,1,0
704,SW60C80_00704,1,864,13,13,0,1
705,SW60C80_00705,1,866,5,5,1,0
706,SW60C80_00706,1,867,6,6,1,0
707,SW60C80_00707,1,868,10,10,1,0
708,SW60C80_00708,1,869,14,14,1,0
709,SW60C80_00709,1,870,3,3,0,1
710,SW60C80_00710,1,871,2,2,1,0
711,SW60C80_00711,1,872,3,3,0,1
712,SW60C80_00712,1,873,2,2,1,0
713,SW60C80_00713,1,876,11,11,1,0
714,SW60C80_00714,1,877,11,11,1,0
715,SW60C80_00715,1,878,9,9,0,1
716,SW60C80_00716,1,879,6,6,1,0
717,SW60C80_00717,1,881,13,13,1,0
718,SW60C80_00718,2,882,3,3,0,2
719,SW60C80_00719,1,883,14,14,1,0
720,SW60C80_00720,1,885,6,6,1,0
721,SW60C80_00721,1,887,2,2,0,1
722,SW60C80_00722,1,889,14,14,1,0
723,SW60C80_00723,1,890,40,40,0,1
724,SW60C80_00724,1,891,3,3,0,1
725,SW60C80_00725,1,892,9,9,0,1
726,SW60C80_00726,3,893,5,5,0,3
727,SW60C80_00727,1,895,4,4,0,1
728,SW60C80_00728,1,896,14,14,0,1
729,SW60C80_00729,1,898,2,2,0,1
730,SW60C80_00730,1,899,12,12,0,1
731,SW60C80_00731,1,901,8,8,1,0
732,SW60C80_00732,1,902,7,7,1,0
733,SW60C80_00733,1,904,11,11,1,0
734,SW60C80_00734,1,905,12,12,1,0
735,SW60C80_00735,1,906,9,9,1,0
736,SW60C80_00736,1,907,2,2,0,1
737,SW60C80_00737,1,908,4,4,1,0
738,SW60C80_00738,1,909,5,5,0,1
739,SW60C80_00739,1,912,3,3,0,1
740,SW60C80_00740,1,913,8,8,1,0
741,SW60C80_00741,1,914,9,9,1,0
742,SW60C80_00742,1,915,8,8,0,1
743,SW60C80_00743,1,916,7,7,1,0
744,SW60C80_00744,1,917,9,9,0,1
745,SW60C80_00745,1,918,6,6,1,0
746,SW60C80_00746,1,920,4,4,1,0
747,SW60C80_00747,1,922,9,9,1,0
748,SW60C80_00748,1,923,13,13,1,0
749,SW60C80_00749,1,925,8,8,1,0
750,SW60C80_00750,2,926,3,3,0,2
751,SW60C80_00751,1,927,11,11,1,0
752,SW60C80_00752,1,928,5,5,0,1
753,SW60C80_00753,1,929,4,4,0,1
754,SW60C80_00754,1,931,3,3,0,1
755,SW60C80_00755,1,932,2,2,1,0
756,SW60C80_00756,1,933,3,3,0,1
757,SW60C80_00757,1,934,6,6,1,0
758,SW60C80_00758,1,935,9,9,1,0
759,SW60C80_00759,2,936,6,7,0,2
760,SW60C80_00760,1,937,10,10,0,1
761,SW60C80_00761,2,938,6,6,2,0
762,SW60C80_00762,2,941,3,3,0,2
763,SW60C80_00763,1,942,8,8,1,0
764,SW60C80_00764,1,944,4,4,1,0
765,SW60C80_00765,1,946,7,7,1,0
766,SW60C80_00766,1,947,5,5,0,1
767,SW60C80_00767,1,948,2,2,0,1
768,SW60C80_00768,1,949,8,8,0,1
769,SW60C80_00769,1,950,10,10,1,0
770,SW60C80_00770,2,951,3,3,0,2
771,SW60C80_00771,1,952,9,9,1,0
772,SW60C80_00772,1,953,7,7,1,0
773,SW60C80_00773,3,955,5,6,3,0
774,SW60C80_00774,1,956,13,13,1,0
775,SW60C80_00775,1,957,6,6,1,0
776,SW60C80_00776,2,959,4,5,0,2
777,SW60C80_00777,1,960,8,8,0,1
778,SW60C80_00778,2,961,5,6,0,2
779,SW60C80_00779,1,965,7,7,0,1
780,SW60C80_00780,1,966,13,13,1,0
781,SW60C80_00781,1,967,7,7,1,0
782,SW60C80_00782,1,968,12,12,0,1
783,SW60C80_00783,1,970,15,15,1,0
784,SW60C80_00784,1,971,13,13,1,0
785,SW60C80_00785,1,973,3,3,0,1
786,SW60C80_00786,3,974,4,5,3,0
787,SW60C80_00787,1,975,4,4,1,0
788,SW60C80_00788,1,976,12,12,0,1
789,SW60C80_00789,1,978,9,9,1,0
790,SW60C80_00790,1,979,3,3,0,1
791,SW60C80_00791,1,980,5,5,1,0
792,SW60C80_00792,2,983,5,6,1,1
793,SW60C80_00793,1,984,3,3,0,1
794,SW60C80_00794,1,985,11,11,0,1
795,SW60C80_00795,1,988,11,11,1,0
796,SW60C80_00796,1,989,10,10,0,1
797,SW60C80_00797,1,990,10,10,1,0
798,SW60C80_00798,1,991,3,3,0,1
799,SW60C80_00799,1,995,11,11,1,0
800,SW60C80_00800,1,996,1,1,0,1
801,SW60C80_00801,1,997,7,7,1,0
802,SW60C80_00802,1,998,10,10,1,0
803,SW60C80_00803,1,1000,11,11,1,0
804,SW60C80_00804,1,1001,2,2,1,0
805,SW60C80_00805,1,1002,18,18,0,1
806,SW60C80_00806,1,1003,3,3,1,0
807,SW60C80_00807,1,1004,6,6,1,0
808,SW60C80_00808,1,1006,7,7,1,0
809,SW60C80_00809,1,1007,9,9,1,0
810,SW60C80_00810,1,1008,7,7,0,1
811,SW60C80_00811,1,1009,8,8,1,0
812,SW60C80_00812,1,1010,10,10,1,0
813,SW60C80_00813,1,1011,8,8,0,1
814,SW60C80_00814,1,1014,3,3,0,1
815,SW60C80_00815,1,1015,11,11,1,0
816,SW60C80_00816,1,1016,10,10,1,0
817,SW60C80_00817,1,1017,4,4,1,0
818,SW60C80_00818,1,1018,6,6,1,0
819,SW60C80_00819,1,1021,8,8,1,0
820,SW60C80_00820,1,1024,14,14,1,0
821,SW60C80_00821,1,1025,6,6,1,0
822,SW60C80_00822,1,1027,5,5,1,0
823,SW60C80_00823,1,1028,4,4,0,1
824,SW60C80_00824,1,1029,9,9,1,0
825,SW60C80_00825,1,1030,14,14,1,0
826,SW60C80_00826,1,1031,26,26,0,1
827,SW60C80_00827,1,1032,5,5,1,0
828,SW60C80_00828,1,1033,4,4,0,1
829,SW60C80_00829,1,1034,9,9,1,0
830,SW60C80_00830,1,1035,14,14,1,0
831,SW60C80_00831,1,1038,6,6,1,0
832,SW60C80_00832,1,1041,12,12,0,1
833,SW60C80_00833,1,1042,5,5,0,1
834,SW60C80_00834,1,1044,8,8,1,0
835,SW60C80_00835,1,1046,6,6,1,0
836,SW60C80_00836,3,1047,3,3,2,1
837,SW60C80_00837,1,1048,5,5,1,0
838,SW60C80_00838,1,1049,7,7,1,0
839,SW60C80_00839,2,1050,5,6,1,1
840,SW60C80_00840,1,1052,4,4,1,0
841,SW60C80_00841,1,1053,5,5,0,1
842,SW60C80_00842,2,1054,4,4,0,2
843,SW60C80_00843,1,1055,16,16,1,0
844,SW60C80_00844,1,1056,12,12,0,1
845,SW60C80_00845,1,1058,5,5,1,0
846,SW60C80_00846,1,1059,4,4,1,0
847,SW60C80_00847,1,1060,3,3,0,1
848,SW60C80_00848,1,1061,16,16,1,0
849,SW60C80_00849,1,1062,2,2,0,1
850,SW60C80_00850,1,1063,3,3,0,1
851,SW60C80_00851,1,1065,10,10,0,1
852,SW60C80_00852,1,1067,7,7,1,0
853,SW60C80_00853,1,1070,4,4,0,1
854,SW60C80_00854,1,1071,5,5,1,0
855,SW60C80_00855,1,1072,2,2,0,1
856,SW60C80_00856,1,1074,5,5,0,1
857,SW60C80_00857,1,1075,12,12,0,1
858,SW60C80_00858,1,1077,20,20,0,1
859,SW60C80_00859,1,1079,13,13,1,0
860,SW60C80_00860,1,1080,11,11,0,1
861,SW60C80_00861,2,1081,3,3,2,0
862,SW60C80_00862,1,1084,7,7,1,0
863,SW60C80_00863,1,1085,6,6,1,0
864,SW60C80_00864,1,1086,6,6,1,0
865,SW60C80_00865,1,1087,18,18,1,0
866,SW60C80_00866,1,1088,6,6,1,0
867,SW60C80_00867,1,1092,2,2,0,1
868,SW60C80_00868,1,1093,15,15,1,0
869,SW60C80_00869,1,1094,2,2,1,0
870,SW60C80_00870,1,1097,4,4,1,0
871,SW60C80_00871,1,1098,8,8,0,1
872,SW60C80_00872,1,1099,18,18,1,0
873,SW60C80_00873,1,1100,8,8,1,0
874,SW60C80_00874,1,1102,10,10,1,0
875,SW60C80_00875,1,1103,10,10,0,1
876,SW60C80_00876,1,1104,7,7,1,0
877,SW60C80_00877,1,1106,7,7,1,0
878,SW60C80_00878,1,1107,16,16,1,0
879,SW60C80_00879,1,1108,8,8,1,0
880,SW60C80_00880,1,1109,5,5,0,1
881,SW60C80_00881,1,1110,7,7,1,0
882,SW60C80_00882,1,1111,13,13,1,0
883,SW60C80_00883,1,1112,6,6,1,0
884,SW60C80_00884,1,1113,4,4,1,0
885,SW60C80_00885,1,1114,3,3,0,1
886,SW60C80_00886,1,1115,14,14,0,1
887,SW60C80_00887,2,1116,6,6,0,2
888,SW60C80_00888,1,1117,3,3,0,1
889,SW60C80_00889,1,1118,10,10,0,1
890,SW60C80_00890,1,1119,11,11,1,0
891,SW60C80_00891,1,1121,9,9,1,0
892,SW60C80_00892,1,1123,1,1,0,1
893,SW60C80_00893,1,1124,19,19,0,1
894,SW60C80_00894,1,1125,49,49,0,1
895,SW60C80_00895,1,1126,8,8,0,1
896,SW60C80_00896,1,1128,14,14,0,1
897,SW60C80_00897,1,1129,5,5,1,0
898,SW60C80_00898,1,1131,8,8,1,0
899,SW60C80_00899,1,1132,17,17,0,1
900,SW60C80_00900,1,1133,5,5,0,1
901,SW60C80_00901,1,1134,14,14,0,1
902,SW60C80_00902,1,1135,21,21,0,1
903,SW60C80_00903,3,1137,5,6,1,2
904,SW60C80_00904,1,1138,3,3,1,0
905,SW60C80_00905,1,1139,9,9,0,1
906,SW60C80_00906,1,1140,4,4,0,1
907,SW60C80_00907,1,1141,3,3,1,0
908,SW60C80_00908,1,1142,5,5,0,1
909,SW60C80_00909,1,1143,2,2,1,0
910,SW60C80_00910,1,1144,4,4,1,0
911,SW60C80_00911,2,1149,3,3,0,2
912,SW60C80_00912,1,1150,5,5,1,0
913,SW60C80_00913,1,1151,5,5,0,1
914,SW60C80_00914,1,1152,3,3,0,1
915,SW60C80_00915,1,1153,7,7,1,0
916,SW60C80_00916,1,1154,15,15,1,0
917,SW60C80_00917,1,1155,10,10,1,0
918,SW60C80_00918,1,1156,8,8,1,0
919,SW60C80_00919,1,1158,11,11,1,0
920,SW60C80_00920,1,1160,2,2,1,0
921,SW60C80_00921,1,1161,9,9,1,0
922,SW60C80_00922,1,1162,4,4,0,1
923,SW60C80_00923,1,1163,5,5,1,0
924,SW60C80_00924,5,1164,3,3,4,1
925,SW60C80_00925,1,1165,5,5,0,1
926,SW60C80_00926,1,1166,11,11,1,0
927,SW60C80_00927,1,1168,6,6,0,1
928,SW60C80_00928,1,1170,14,14,1,0
929,SW60C80_00929,1,1175,9,9,0,1
930,SW60C80_00930,1,1176,10,10,1,0
931,SW60C80_00931,1,1178,15,15,1,0
932,SW60C80_00932,1,1179,10,10,1,0
933,SW60C80_00933,1,1180,9,9,1,0
934,SW60C80_00934,1,1181,11,11,0,1
935,SW60C80_00935,1,1185,8,8,0,1
936,SW60C80_00936,1,1186,16,16,0,1
937,SW60C80_00937,1,1188,2,2,1,0
938,SW60C80_00938,1,1189,6,6,1,0
939,SW60C80_00939,1,1191,3,3,0,1
940,SW60C80_00940,1,1192,10,10,1,0
941,SW60C80_00941,1,1195,11,11,1,0
942,SW60C80_00942,1,1197,10,10,1,0
943,SW60C80_00943,1,1198,7,7,1,0
944,SW60C80_00944,1,1202,2,2,1,0
945,SW60C80_00945,1,1203,10,10,0,1
946,SW60C80_00946,1,1204,4,4,1,0
947,SW60C80_00947,1,1206,6,6,0,1
948,SW60C80_00948,1,1207,3,3,0,1
949,SW60C80_00949,1,1208,4,4,1,0
950,SW60C80_00950,1,1209,4,4,0,1
951,SW60C80_00951,1,1212,7,7,1,0
952,SW60C80_00952,1,1213,2,2,0,1
953,SW60C80_00953,1,1214,4,4,0,1
954,SW60C80_00954,2,1215,6,6,1,1
955,SW60C80_00955,1,1217,10,10,1,0
956,SW60C80_00956,1,1219,8,8,1,0
957,SW60C80_00957,1,1220,5,5,0,1
958,SW60C80_00958,1,1221,14,14,0,1
959,SW60C80_00959,2,1222,8,9,0,2
960,SW60C80_00960,1,1224,3,3,1,0
961,SW60C80_00961,1,1225,12,12,1,0
962,SW60C80_00962,1,1226,11,11,0,1
963,SW60C80_00963,1,1227,11,11,1,0
964,SW60C80_00964,1,1229,4,4,1,0
965,SW60C80_00965,1,1230,4,4,1,0
966,SW60C80_00966,1,1231,9,9,1,0
967,SW60C80_00967,1,1232,6,6,1,0
968,SW60C80_00968,5,1233,3,3,2,3
969,SW60C80_00969,1,1235,6,6,1,0
970,SW60C80_00970,1,1236,5,5,1,0
971,SW60C80_00971,1,1238,3,3,1,0
972,SW60C80_00972,1,1239,10,10,0,1
973,SW60C80_00973,1,1242,7,7,1,0
974,SW60C80_00974,4,1243,3,3,3,1
975,SW60C80_00975,1,1245,7,7,0,1
976,SW60C80_00976,1,1246,11,11,0,1
977,SW60C80_00977,1,1248,5,5,0,1
978,SW60C80_00978,1,1249,9,9,1,0
979,SW60C80_00979,1,1250,2,2,0,1
980,SW60C80_00980,1,1254,4,4,0,1
981,SW60C80_00981,1,1256,13,13,0,1
982,SW60C80_00982,1,1257,9,9,0,1
983,SW60C80_00983,1,1258,3,3,0,1
984,SW60C80_00984,2,1262,3,3,0,2
985,SW60C80_00985,1,1264,14,14,1,0
986,SW60C80_00986,1,1265,8,8,0,1
987,SW60C80_00987,1,1267,8,8,0,1
988,SW60C80_00988,1,1268,4,4,1,0
989,SW60C80_00989,1,1269,8,8,0,1
990,SW60C80_00990,1,1270,2,2,0,1
991,SW60C80_00991,1,1272,12,12,1,0
992,SW60C80_00992,1,1274,9,9,1,0
993,SW60C80_00993,1,1276,5,5,0,1
994,SW60C80_00994,1,1281,13,13,0,1
995,SW60C80_00995,1,1282,14,14,0,1
996,SW60C80_00996,2,1283,3,3,2,0
997,SW60C80_00997,1,1284,7,7,1,0
998,SW60C80_00998,2,1287,3,3,1,1
999,SW60C80_00999,1,1288,8,8,1,0
1000,SW60C80_01000,1,1291,7,7,1,0
1001,SW60C80_01001,1,1296,8,8,1,0
1002,SW60C80_01002,1,1299,7,7,1,0
1003,SW60C80_01003,1,1300,7,7,0,1
1004,SW60C80_01004,1,1301,5,5,1,0
1005,SW60C80_01005,1,1302,4,4,1,0
1006,SW60C80_01006,1,1303,9,9,0,1
1007,SW60C80_01007,1,1304,10,10,0,1
1008,SW60C80_01008,2,1308,5,5,2,0
1009,SW60C80_01009,1,1310,3,3,1,0
1010,SW60C80_01010,1,1311,4,4,1,0
1011,SW60C80_01011,1,1313,8,8,1,0
1012,SW60C80_01012,1,1315,23,23,0,1
1013,SW60C80_01013,1,1316,12,12,1,0
1014,SW60C80_01014,1,1319,3,3,1,0
1015,SW60C80_01015,1,1322,12,12,0,1
1016,SW60C80_01016,1,1325,12,12,1,0
1017,SW60C80_01017,1,1326,11,11,0,1
1018,SW60C80_01018,1,1327,21,21,0,1
1019,SW60C80_01019,1,1328,10,10,1,0
1020,SW60C80_01020,1,1330,5,5,0,1
1021,SW60C80_01021,1,1331,2,2,1,0
1022,SW60C80_01022,1,1335,5,5,1,0
1023,SW60C80_01023,1,1336,3,3,0,1
1024,SW60C80_01024,1,1339,5,5,1,0
1025,SW60C80_01025,1,1340,12,12,1,0
1026,SW60C80_01026,1,1341,4,4,1,0
1027,SW60C80_01027,1,1342,9,9,0,1
1028,SW60C80_01028,1,1343,6,6,0,1
1029,SW60C80_01029,1,1344,12,12,1,0
1030,SW60C80_01030,1,1345,5,5,1,0
1031,SW60C80_01031,1,1346,5,5,0,1
1032,SW60C80_01032,1,1347,9,9,1,0
1033,SW60C80_01033,1,1348,13,13,0,1
1034,SW60C80_01034,1,1349,4,4,1,0
1035,SW60C80_01035,1,1350,3,3,0,1
1036,SW60C80_01036,1,1351,7,7,1,0
1037,SW60C80_01037,1,1352,18,18,1,0
1038,SW60C80_01038,1,1354,10,10,0,1
1039,SW60C80_01039,2,1355,3,3,2,0
1040,SW60C80_01040,1,1356,10,10,1,0
1041,SW60C80_01041,1,1359,3,3,1,0
1042,SW60C80_01042,2,1360,17,18,0,2
1043,SW60C80_01043,1,1362,24,24,0,1
1044,SW60C80_01044,1,1363,4,4,0,1
1045,SW60C80_01045,2,1366,3,3,0,2
1046,SW60C80_01046,1,1369,4,4,0,1
1047,SW60C80_01047,1,1371,3,3,1,0
1048,SW60C80_01048,1,1372,2,2,0,1
1049,SW60C80_01049,1,1373,8,8,1,0
1050,SW60C80_01050,1,1375,3,3,1,0
1051,SW60C80_01051,1,1376,7,7,0,1
1052,SW60C80_01052,1,1377,7,7,1,0
1053,SW60C80_01053,1,1378,10,10,0,1
1054,SW60C80_01054,1,1379,11,11,0,1
1055,SW60C80_01055,1,1380,8,8,0,1
1056,SW60C80_01056,1,1381,9,9,0,1
1057,SW60C80_01057,1,1382,5,5,1,0
1058,SW60C80_01058,1,1383,6,6,1,0
1059,SW60C80_01059,1,1386,6,6,1,0
1060,SW60C80_01060,1,1388,3,3,0,1
1061,SW60C80_01061,1,1389,12,12,1,0
1062,SW60C80_01062,2,1390,3,3,1,1
1063,SW60C80_01063,1,1392,16,16,1,0
1064,SW60C80_01064,1,1393,7,7,0,1
1065,SW60C80_01065,1,1395,8,8,0,1
1066,SW60C80_01066,1,1396,6,6,0,1
1067,SW60C80_01067,1,1397,8,8,1,0
1068,SW60C80_01068,1,1398,5,5,1,0
1069,SW60C80_01069,1,1399,4,4,1,0
1070,SW60C80_01070,1,1401,7,7,0,1
1071,SW60C80_01071,1,1402,7,7,1,0
1072,SW60C80_01072,1,1405,12,12,0,1
1073,SW60C80_01073,1,1406,8,8,1,0
1074,SW60C80_01074,1,1407,14,14,1,0
1075,SW60C80_01075,1,1408,14,14,1,0
1076,SW60C80_01076,1,1412,4,4,1,0
1077,SW60C80_01077,1,1413,10,10,1,0
1078,SW60C80_01078,1,1414,5,5,0,1
1079,SW60C80_01079,1,1418,9,9,0,1
1080,SW60C80_01080,1,1419,2,2,1,0
1081,SW60C80_01081,1,1420,11,11,0,1
1082,SW60C80_01082,2,1421,3,3,1,1
1083,SW60C80_01083,1,1423,8,8,0,1
1084,SW60C80_01084,1,1424,11,11,0,1
1085,SW60C80_01085,1,1425,5,5,0,1
1086,SW60C80_01086,1,1427,3,3,1,0
1087,SW60C80_01087,1,1428,9,9,0,1
1088,SW60C80_01088,1,1429,6,6,1,0
1089,SW60C80_01089,1,1430,8,8,0,1
1090,SW60C80_01090,1,1431,5,5,1,0
1091,SW60C80_01091,1,1433,6,6,0,1
1092,SW60C80_01092,1,1435,6,6,1,0
1093,SW60C80_01093,1,1436,4,4,1,0
1094,SW60C80_01094,1,1439,4,4,0,1
1095,SW60C80_01095,1,1440,3,3,1,0
1096,SW60C80_01096,1,1442,9,9,1,0
1097,SW60C80_01097,1,1443,7,7,0,1
1098,SW60C80_01098,1,1446,2,2,0,1
1099,SW60C80_01099,1,1447,9,9,0,1
1100,SW60C80_01100,1,1448,8,8,0,1
1101,SW60C80_01101,1,1450,2,2,0,1
1102,SW60C80_01102,1,1452,17,17,1,0
1103,SW60C80_01103,1,1453,5,5,1,0
1104,SW60C80_01104,2,1454,9,10,0,2
1105,SW60C80_01105,1,1456,7,7,0,1
1106,SW60C80_01106,1,1458,9,9,1,0
1107,SW60C80_01107,1,1459,11,11,1,0
1108,SW60C80_01108,1,1460,8,8,0,1
1109,SW60C80_01109,1,1461,2,2,0,1
1110,SW60C80_01110,1,1463,6,6,1,0
1111,SW60C80_01111,1,1464,4,4,1,0
1112,SW60C80_01112,1,1466,12,12,0,1
1113,SW60C80_01113,1,1467,17,17,0,1
1114,SW60C80_01114,1,1469,5,5,1,0
1115,SW60C80_01115,1,1471,8,8,0,1
1116,SW60C80_01116,1,1472,6,6,1,0
1117,SW60C80_01117,1,1473,9,9,1,0
1118,SW60C80_01118,1,1475,5,5,0,1
1119,SW60C80_01119,1,1476,68,68,0,1
1120,SW60C80_01120,1,1477,11,11,0,1
1121,SW60C80_01121,1,1478,9,9,1,0
1122,SW60C80_01122,2,1480,4,5,2,0
1123,SW60C80_01123,1,1481,5,5,1,0
1124,SW60C80_01124,1,1485,8,8,0,1
1125,SW60C80_01125,1,1487,7,7,1,0
1126,SW60C80_01126,1,1490,6,6,0,1
1127,SW60C80_01127,1,1491,10,10,1,0
1128,SW60C80_01128,1,1492,5,5,0,1
1129,SW60C80_01129,1,1493,12,12,0,1
1130,SW60C80_01130,1,1496,4,4,1,0
1131,SW60C80_01131,1,1497,8,8,1,0
1132,SW60C80_01132,1,1500,7,7,1,0
1133,SW60C80_01133,1,1501,4,4,1,0
1134,SW60C80_01134,1,1503,8,8,0,1
1135,SW60C80_01135,1,1504,10,10,0,1
1136,SW60C80_01136,1,1506,2,2,0,1
1137,SW60C80_01137,1,1508,1,1,0,1
1138,SW60C80_01138,1,1511,5,5,0,1
1139,SW60C80_01139,1,1513,10,10,1,0
1140,SW60C80_01140,1,1514,6,6,1,0
1141,SW60C80_01141,1,1515,9,9,0,1
1142,SW60C80_01142,1,1516,5,5,1,0
1143,SW60C80_01143,1,1517,12,12,1,0
1144,SW60C80_01144,1,1518,5,5,0,1
1145,SW60C80_01145,1,1519,4,4,1,0
1146,SW60C80_01146,1,1520,6,6,0,1
1147,SW60C80_01147,1,1523,3,3,1,0
1148,SW60C80_01148,1,1524,3,3,0,1
1149,SW60C80_01149,1,1525,6,6,0,1
1150,SW60C80_01150,1,1526,4,4,1,0
1151,SW60C80_01151,1,1527,12,12,1,0
1152,SW60C80_01152,1,1529,14,14,1,0
1153,SW60C80_01153,1,1530,8,8,1,0
1154,SW60C80_01154,1,1531,9,9,0,1
1155,SW60C80_01155,1,1535,4,4,1,0
1156,SW60C80_01156,1,1540,10,10,1,0
1157,SW60C80_01157,1,1542,9,9,1,0
1158,SW60C80_01158,1,1545,16,16,1,0
1159,SW60C80_01159,1,1547,6,6,1,0
1160,SW60C80_01160,1,1548,7,7,0,1
1161,SW60C80_01161,1,1549,7,7,1,0
1162,SW60C80_01162,1,1550,6,6,1,0
1163,SW60C80_01163,1,1553,11,11,0,1
1164,SW60C80_01164,1,1556,10,10,0,1
1165,SW60C80_01165,1,1558,9,9,1,0
1166,SW60C80_01166,1,1559,11,11,1,0
1167,SW60C80_01167,1,1560,4,4,0,1
1168,SW60C80_01168,1,1561,7,7,0,1
1169,SW60C80_01169,1,1563,8,8,1,0
1170,SW60C80_01170,1,1564,7,7,1,0
1171,SW60C80_01171,1,1566,16,16,1,0
1172,SW60C80_01172,1,1567,10,10,0,1
1173,SW60C80_01173,1,1568,3,3,0,1
1174,SW60C80_01174,1,1569,20,20,1,0
1175,SW60C80_01175,1,1570,4,4,0,1
1176,SW60C80_01176,1,1571,13,13,1,0
1177,SW60C80_01177,1,1573,4,4,1,0
1178,SW60C80_01178,1,1576,3,3,0,1
1179,SW60C80_01179,1,1577,11,11,1,0
1180,SW60C80_01180,1,1578,2,2,1,0
1181,SW60C80_01181,1,1579,4,4,1,0
1182,SW60C80_01182,1,1580,3,3,0,1
1183,SW60C80_01183,1,1581,12,12,1,0
1184,SW60C80_01184,1,1582,3,3,1,0
1185,SW60C80_01185,1,1583,6,6,1,0
1186,SW60C80_01186,1,1587,6,6,1,0
1187,SW60C80_01187,1,1588,13,13,0,1
1188,SW60C80_01188,1,1589,8,8,1,0
1189,SW60C80_01189,1,1590,7,7,1,0
1190,SW60C80_01190,1,1592,9,9,1,0
1191,SW60C80_01191,1,1594,7,7,0,1
1192,SW60C80_01192,2,1595,3,3,0,2
1193,SW60C80_01193,1,1596,11,11,1,0
1194,SW60C80_01194,1,1597,6,6,1,0
1195,SW60C80_01195,1,1599,18,18,1,0
1196,SW60C80_01196,1,1601,2,2,0,1
1197,SW60C80_01197,1,1602,10,10,0,1
1198,SW60C80_01198,1,1604,16,16,1,0
1199,SW60C80_01199,1,1606,3,3,1,0
1200,SW60C80_01200,1,1607,16,16,1,0
1201,SW60C80_01201,1,1608,7,7,0,1
1202,SW60C80_01202,1,1610,4,4,1,0
1203,SW60C80_01203,1,1611,3,3,0,1
1204,SW60C80_01204,1,1613,14,14,1,0
1205,SW60C80_01205,1,1614,4,4,0,1
1206,SW60C80_01206,1,1616,10,10,1,0
1207,SW60C80_01207,1,1618,3,3,1,0
1208,SW60C80_01208,1,1619,14,14,0,1
1209,SW60C80_01209,1,1620,8,8,1,0
1210,SW60C80_01210,1,1623,7,7,0,1
1211,SW60C80_01211,1,1624,14,14,1,0
1212,SW60C80_01212,1,1626,7,7,1,0
1213,SW60C80_01213,1,1628,6,6,0,1
1214,SW60C80_01214,1,1629,5,5,0,1
1215,SW60C80_01215,1,1630,2,2,0,1
1216,SW60C80_01216,1,1631,10,10,0,1
1217,SW60C80_01217,1,1633,2,2,1,0
1218,SW60C80_01218,1,1634,15,15,0,1
1219,SW60C80_01219,1,1635,4,4,1,0
1220,SW60C80_01220,1,1640,16,16,0,1
1221,SW60C80_01221,1,1641,13,13,1,0
1222,SW60C80_01222,1,1645,9,9,0,1
1223,SW60C80_01223,1,1646,5,5,1,0
1224,SW60C80_01224,1,1652,5,5,1,0
1225,SW60C80_01225,1,1653,13,13,1,0
1226,SW60C80_01226,1,1654,4,4,1,0
1227,SW60C80_01227,1,1656,8,8,0,1
1228,SW60C80_01228,1,1657,2,2,1,0
1229,SW60C80_01229,1,1658,5,5,0,1
1230,SW60C80_01230,1,1659,3,3,1,0
1231,SW60C80_01231,1,1660,6,6,1,0
1232,SW60C80_01232,1,1661,11,11,1,0
1233,SW60C80_01233,1,1662,7,7,1,0
1234,SW60C80_01234,1,1663,3,3,1,0
1235,SW60C80_01235,1,1665,6,6,0,1
1236,SW60C80_01236,1,1667,2,2,1,0
1237,SW60C80_01237,1,1670,11,11,0,1
1238,SW60C80_01238,1,1671,3,3,0,1
1239,SW60C80_01239,1,1672,12,12,0,1
1240,SW60C80_01240,1,1673,10,10,1,0
1241,SW60C80_01241,1,1674,2,2,1,0
1242,SW60C80_01242,1,1675,6,6,1,0
1243,SW60C80_01243,1,1679,5,5,1,0
1244,SW60C80_01244,1,1683,7,7,1,0
1245,SW60C80_01245,1,1684,4,4,0,1
1246,SW60C80_01246,1,1685,5,5,0,1
1247,SW60C80_01247,1,1686,5,5,1,0
1248,SW60C80_01248,1,1688,11,11,1,0
1249,SW60C80_01249,1,1689,8,8,1,0
1250,SW60C80_01250,1,1690,15,15,1,0
1251,SW60C80_01251,1,1691,4,4,1,0
1252,SW60C80_01252,1,1692,15,15,0,1
1253,SW60C80_01253,1,1693,19,19,1,0
1254,SW60C80_01254,1,1695,12,12,0,1
1255,SW60C80_01255,1,1696,3,3,1,0
1256,SW60C80_01256,1,1698,6,6,0,1
1257,SW60C80_01257,1,1699,2,2,1,0
1258,SW60C80_01258,1,1701,7,7,1,0
1259,SW60C80_01259,1,1702,9,9,0,1
1260,SW60C80_01260,1,1704,5,5,1,0
1261,SW60C80_01261,1,1706,8,8,1,0
1262,SW60C80_01262,1,1707,8,8,0,1
1263,SW60C80_01263,1,1708,4,4,0,1
1264,SW60C80_01264,1,1709,13,13,1,0
1265,SW60C80_01265,1,1710,6,6,0,1
1266,SW60C80_01266,1,1711,14,14,1,0
1267,SW60C80_01267,1,1715,4,4,0,1
1268,SW60C80_01268,1,1716,4,4,1,0
1269,SW60C80_01269,1,1717,9,9,1,0
1270,SW60C80_01270,1,1718,6,6,0,1
1271,SW60C80_01271,1,1719,10,10,0,1
1272,SW60C80_01272,1,1721,9,9,1,0
1273,SW60C80_01273,1,1725,3,3,1,0
1274,SW60C80_01274,1,1726,5,5,1,0
1275,SW60C80_01275,1,1727,4,4,1,0
1276,SW60C80_01276,1,1730,13,13,0,1
1277,SW60C80_01277,1,1731,4,4,1,0
1278,SW60C80_01278,1,1732,5,5,0,1
1279,SW60C80_01279,1,1735,13,13,1,0
1280,SW60C80_01280,1,1737,6,6,0,1
1281,SW60C80_01281,1,1738,8,8,1,0
1282,SW60C80_01282,1,1739,2,2,1,0
1283,SW60C80_01283,1,1741,10,10,1,0
1284,SW60C80_01284,1,1742,11,11,0,1
1285,SW60C80_01285,1,1744,8,8,1,0
1286,SW60C80_01286,1,1745,7,7,1,0
1287,SW60C80_01287,1,1747,8,8,1,0
1288,SW60C80_01288,1,1748,2,2,1,0
1289,SW60C80_01289,1,1750,14,14,1,0
1290,SW60C80_01290,1,1751,6,6,0,1
1291,SW60C80_01291,1,1752,12,12,1,0
1292,SW60C80_01292,1,1753,20,20,1,0
1293,SW60C80_01293,1,1754,8,8,1,0
1294,SW60C80_01294,1,1756,16,16,1,0
1295,SW60C80_01295,1,1757,10,10,0,1
1296,SW60C80_01296,1,1761,4,4,1,0
1297,SW60C80_01297,1,1764,8,8,1,0
1298,SW60C80_01298,1,1765,13,13,1,0
1299,SW60C80_01299,1,1767,1,1,0,1
1300,SW60C80_01300,1,1769,5,5,0,1
1301,SW60C80_01301,1,1770,16,16,1,0
1302,SW60C80_01302,1,1772,17,17,1,0
1303,SW60C80_01303,1,1774,12,12,0,1
1304,SW60C80_01304,1,1776,11,11,1,0
1305,SW60C80_01305,1,1779,14,14,0,1
1306,SW60C80_01306,1,1783,10,10,1,0
1307,SW60C80_01307,1,1784,2,2,1,0
1308,SW60C80_01308,1,1785,2,2,0,1
1309,SW60C80_01309,1,1786,4,4,0,1
1310,SW60C80_01310,1,1788,11,11,1,0
1311,SW60C80_01311,1,1791,10,10,0,1
1312,SW60C80_01312,1,1792,17,17,0,1
