dataset,protocol,evaluation,model,n,positive,negative,AUC,AUPRC,ACC,Balanced_ACC,F1,Precision,Recall,Sensitivity,Specificity,MCC,Brier,LogLoss,TN,FP,FN,TP
AOPP,exact_overlap_only,training grouped OOF,Length LR,1678,838,840,0.4856304693715195,0.5093867769565124,0.50119189511323,0.5010086373451529,0.41014799154334036,0.5008605851979346,0.34725536992840095,0.34725536992840095,0.6547619047619048,0.002119997320682582,0.2501413261822482,0.6934109761714198,550,290,547,291
AOPP,exact_overlap_only,training grouped OOF,AAC plus DPC plus length RF,1678,838,840,0.9371874644846006,0.951880205670893,0.8855780691299165,0.885526764405046,0.8802992518703242,0.9216710182767625,0.8424821002386634,0.8424821002386634,0.9285714285714286,0.7739882674758037,0.10303070798569845,0.34714723917146934,780,60,132,706
AOPP,exact_overlap_only,training grouped OOF,Molecular ECFP4 branch,1678,838,840,0.9332978179338561,0.9489099295655117,0.8682955899880811,0.8682719627230366,0.8654899573950091,0.8832298136645963,0.8484486873508353,0.8484486873508353,0.888095238095238,0.7371489349331362,0.11304149856486193,0.6788017556961174,746,94,127,711
AOPP,exact_overlap_only,training grouped OOF,Contextual peptide-adapted ESM-2 branch,1678,838,840,0.8893865780202294,0.9057782234565351,0.8069129916567342,0.8069070348903284,0.8057553956834532,0.8096385542168675,0.801909307875895,0.801909307875895,0.8119047619047619,0.6138489525170121,0.15883938004149387,0.7679241966580489,682,158,166,672
AOPP,exact_overlap_only,training grouped OOF,Equal probability mean,1678,838,840,0.9283128764632345,0.9428238801032605,0.8772348033373063,0.8772090578474827,0.874390243902439,0.8940149625935162,0.8556085918854416,0.8556085918854416,0.8988095238095238,0.7551522550008056,0.10423444676205157,0.4655817865193006,755,85,121,717
AOPP,exact_overlap_only,training grouped OOF,Equal logit mean,1678,838,840,0.9368479372655985,0.9513284152915692,0.8772348033373063,0.8772090578474827,0.874390243902439,0.8940149625935162,0.8556085918854416,0.8556085918854416,0.8988095238095238,0.7551522550008056,0.10228009197353581,0.5228189267775646,755,85,121,717
AOPP,exact_overlap_only,external test,Length LR,606,414,192,0.5967504528985506,0.7130897797755386,0.4603960396039604,0.5352506038647343,0.4559068219633943,0.732620320855615,0.3309178743961353,0.3309178743961353,0.7395833333333334,0.07101000233836803,0.24983927411591755,0.6928239018618498,142,50,277,137
AOPP,exact_overlap_only,external test,AAC plus DPC plus length RF,606,414,192,0.8120156501610306,0.9232156541323693,0.731023102310231,0.7905721618357489,0.7613469985358712,0.966542750929368,0.6280193236714976,0.6280193236714976,0.953125,0.5441814013225535,0.19813891089109573,0.5978635058329329,183,9,154,260
AOPP,exact_overlap_only,external test,Molecular ECFP4 branch,606,414,192,0.7974537037037037,0.9160613217556227,0.7128712871287128,0.7633227657004831,0.7485549132947977,0.9316546762589928,0.6256038647342995,0.6256038647342995,0.9010416666666666,0.4917109373821711,0.26072989309199074,2.113528636320482,173,19,155,259
AOPP,exact_overlap_only,external test,Contextual peptide-adapted ESM-2 branch,606,414,192,0.7163471215780999,0.8733574124487148,0.6534653465346535,0.6821407004830917,0.704225352112676,0.8445945945945946,0.6038647342995169,0.6038647342995169,0.7604166666666666,0.33904791703141207,0.3118586148013944,2.1324312607090237,146,46,164,250
AOPP,exact_overlap_only,external test,Equal probability mean,606,414,192,0.7679775563607085,0.9035614626699104,0.7145214521452146,0.7547554347826086,0.7553041018387553,0.9112627986348123,0.644927536231884,0.644927536231884,0.8645833333333334,0.47434929489477146,0.2519902767447266,1.6100184812911447,166,26,147,267
AOPP,exact_overlap_only,external test,Equal logit mean,606,414,192,0.7782055152979066,0.9088667761603029,0.7145214521452146,0.7547554347826086,0.7553041018387553,0.9112627986348123,0.644927536231884,0.644927536231884,0.8645833333333334,0.47434929489477146,0.26098425175879086,1.8916242924480928,166,26,147,267
AOPP,exact_overlap_only,external test,Cross-fitted logistic fusion,606,414,192,0.7875779991948472,0.9130795090368644,0.7211221122112211,0.766568538647343,0.7589158345221113,0.926829268292683,0.642512077294686,0.642512077294686,0.890625,0.49676773627286724,0.2193202403487985,0.7346986721494022,171,21,148,266
AOPP,identity60_coverage80,training grouped OOF,Length LR,1345,661,684,0.4830046624377383,0.5056288547891427,0.4988847583643123,0.49436327202271946,0.310838445807771,0.4794952681388013,0.22995461422087746,0.22995461422087746,0.7587719298245614,-0.013278825523460984,0.24985270511704188,0.6928297739416048,519,165,509,152
AOPP,identity60_coverage80,training grouped OOF,AAC plus DPC plus length RF,1345,661,684,0.9431593987490157,0.9539430228336785,0.8802973977695168,0.8794866010209589,0.8723235527359239,0.9166666666666666,0.8320726172465961,0.8320726172465961,0.9269005847953217,0.7633108946430183,0.10257286840148921,0.3482795991302872,634,50,111,550
AOPP,identity60_coverage80,training grouped OOF,Molecular ECFP4 branch,1345,661,684,0.9362984490980351,0.9490041729312875,0.8684014869888476,0.8679687430881793,0.8628969790859798,0.8841269841269841,0.8426626323751891,0.8426626323751891,0.8932748538011696,0.737303694297238,0.11235487337886162,0.6581123598349096,611,73,104,557
AOPP,identity60_coverage80,training grouped OOF,Contextual peptide-adapted ESM-2 branch,1345,661,684,0.896327113800639,0.9098128697800248,0.820817843866171,0.8205746653572914,0.8156082631981637,0.8250773993808049,0.8063540090771558,0.8063540090771558,0.8347953216374269,0.6415538668963642,0.14738891638006366,0.6909612191588488,571,113,128,533
AOPP,identity60_coverage80,training grouped OOF,Equal probability mean,1345,661,684,0.9337305694897859,0.9464885068026693,0.8788104089219331,0.878278967716821,0.872954014029618,0.9003215434083601,0.8472012102874432,0.8472012102874432,0.9093567251461988,0.7585891565356109,0.09966783691690906,0.41635935892257137,622,62,101,560
AOPP,identity60_coverage80,training grouped OOF,Equal logit mean,1345,661,684,0.9409675221841795,0.9529359255426141,0.8788104089219331,0.878278967716821,0.872954014029618,0.9003215434083601,0.8472012102874432,0.8472012102874432,0.9093567251461988,0.7585891565356109,0.10092425417079733,0.4875991621899861,622,62,101,560
AOPP,identity60_coverage80,external test,Length LR,606,414,192,0.5967504528985506,0.7130897797755386,0.36468646864686466,0.48056310386473433,0.26103646833013433,0.6355140186915887,0.1642512077294686,0.1642512077294686,0.796875,-0.04743135513957307,0.25364967196919436,0.700449190509348,153,39,346,68
AOPP,identity60_coverage80,external test,AAC plus DPC plus length RF,606,414,192,0.8013285024154589,0.9182561591715875,0.7145214521452146,0.7784948671497585,0.7429420505200595,0.9652509652509652,0.6038647342995169,0.6038647342995169,0.953125,0.5238215440464404,0.2053419537953795,0.6178868414729459,183,9,164,250
AOPP,identity60_coverage80,external test,Molecular ECFP4 branch,606,414,192,0.7921195652173914,0.9109391764097392,0.698019801980198,0.7566425120772946,0.7296898079763663,0.9391634980988594,0.5966183574879227,0.5966183574879227,0.9166666666666666,0.48181957910938794,0.28326049497676004,2.439335095109484,176,16,167,247
AOPP,identity60_coverage80,external test,Contextual peptide-adapted ESM-2 branch,606,414,192,0.7228764090177133,0.872552348268696,0.6435643564356436,0.67349788647343,0.6940509915014165,0.839041095890411,0.5917874396135265,0.5917874396135265,0.7552083333333334,0.3230864314326128,0.31798947492461815,2.094573258596727,145,47,169,245
AOPP,identity60_coverage80,external test,Equal probability mean,606,414,192,0.7630837359098228,0.899794694880724,0.7013201320132013,0.7534722222222223,0.7365356622998545,0.9267399267399268,0.6111111111111112,0.6111111111111112,0.8958333333333334,0.47403205732635634,0.262920895351578,1.7279259557127016,172,20,161,253
AOPP,identity60_coverage80,external test,Equal logit mean,606,414,192,0.7777211654589372,0.9068232131535076,0.7013201320132013,0.7534722222222223,0.7365356622998545,0.9267399267399268,0.6111111111111112,0.6111111111111112,0.8958333333333334,0.47403205732635634,0.2741994248628743,2.0217782812519753,172,20,161,253
AOPP,identity60_coverage80,external test,Cross-fitted logistic fusion,606,414,192,0.78299240136876,0.9093666809163081,0.7062706270627063,0.7584918478260869,0.7412790697674418,0.9306569343065694,0.6159420289855072,0.6159420289855072,0.9010416666666666,0.4832627360963334,0.23362039203897897,0.7965332333609839,173,19,159,255
AnOxPP,exact_overlap_only,training grouped OOF,Length LR,1794,884,910,0.49379506240365967,0.510965412553986,0.5072463768115942,0.50379767291532,0.34711964549483015,0.5,0.2658371040723982,0.2658371040723982,0.7417582417582418,0.008635777814299365,0.24975924444459396,0.6926498955712441,675,235,649,235
AnOxPP,exact_overlap_only,training grouped OOF,AAC plus DPC plus length RF,1794,884,910,0.9302713689025905,0.9468651316322266,0.8784838350055741,0.877634130575307,0.8691476590636255,0.9258312020460358,0.8190045248868778,0.8190045248868778,0.9362637362637363,0.7614728625009228,0.10628657079152787,0.3570947742726851,852,58,160,724
AnOxPP,exact_overlap_only,training grouped OOF,Molecular ECFP4 branch,1794,884,910,0.9215131022823331,0.9380984991855806,0.8545150501672241,0.8540562378797673,0.8478134110787172,0.8748495788206979,0.8223981900452488,0.8223981900452488,0.8857142857142857,0.7099625150169077,0.12532168851681444,0.7089542477097,806,104,157,727
AnOxPP,exact_overlap_only,training grouped OOF,Contextual peptide-adapted ESM-2 branch,1794,884,910,0.8565946496941972,0.8750282496227636,0.7887402452619844,0.7886877828054298,0.7855121675155631,0.7859569648924122,0.7850678733031674,0.7850678733031674,0.7923076923076923,0.5773852552910749,0.18108415495166952,0.9507185058648269,721,189,190,694
AnOxPP,exact_overlap_only,training grouped OOF,Equal probability mean,1794,884,910,0.9119424692954106,0.9301018050523185,0.8539576365663322,0.8534744667097608,0.8469626168224299,0.8756038647342995,0.8201357466063348,0.8201357466063348,0.8868131868131868,0.7089753581214013,0.11730776626066866,0.5060121494936219,807,103,159,725
AnOxPP,exact_overlap_only,training grouped OOF,Equal logit mean,1794,884,910,0.9188205459698673,0.9366984934972348,0.8539576365663322,0.8534744667097608,0.8469626168224299,0.8756038647342995,0.8201357466063348,0.8201357466063348,0.8868131868131868,0.7089753581214013,0.12154106398139183,0.5948473625661311,807,103,159,725
AnOxPP,exact_overlap_only,external test,Length LR,424,212,212,0.47361160555357773,0.4802673012777038,0.4882075471698113,0.48820754716981135,0.2332155477031802,0.4647887323943662,0.15566037735849056,0.15566037735849056,0.8207547169811321,-0.03158300705185018,0.2509349015357246,0.6950187863327933,174,38,179,33
AnOxPP,exact_overlap_only,external test,AAC plus DPC plus length RF,424,212,212,0.9898651655393378,0.9918012110260531,0.9599056603773585,0.9599056603773585,0.9588377723970944,0.9850746268656716,0.9339622641509434,0.9339622641509434,0.9858490566037735,0.92105200253809,0.06470414150943868,0.24837153957328542,209,3,14,198
AnOxPP,exact_overlap_only,external test,Molecular ECFP4 branch,424,212,212,0.9806203275186899,0.9843191478405029,0.9363207547169812,0.9363207547169812,0.9370629370629371,0.9262672811059908,0.9481132075471698,0.9481132075471698,0.9245283018867925,0.8728843131819439,0.05553650684944915,0.2197496379708603,196,16,11,201
AnOxPP,exact_overlap_only,external test,Contextual peptide-adapted ESM-2 branch,424,212,212,0.9210795656817373,0.930281254865138,0.8325471698113207,0.8325471698113207,0.8367816091954023,0.8161434977578476,0.8584905660377359,0.8584905660377359,0.8066037735849056,0.6659914479890805,0.13754866095492926,0.6273728931678326,171,41,30,182
AnOxPP,exact_overlap_only,external test,Equal probability mean,424,212,212,0.975436098255607,0.9790901265495213,0.9292452830188679,0.9292452830188679,0.9299065420560748,0.9212962962962963,0.9386792452830188,0.9386792452830188,0.9198113207547169,0.8586434175596518,0.0634725849981188,0.21262651338199856,195,17,13,199
AnOxPP,exact_overlap_only,external test,Equal logit mean,424,212,212,0.977438590245639,0.9817662276222178,0.9292452830188679,0.9292452830188679,0.9299065420560748,0.9212962962962963,0.9386792452830188,0.9386792452830188,0.9198113207547169,0.8586434175596518,0.055483361801451046,0.22731375429863301,195,17,13,199
AnOxPP,exact_overlap_only,external test,Cross-fitted logistic fusion,424,212,212,0.9834015663937344,0.9865346720455297,0.9316037735849056,0.9316037735849056,0.9327146171693735,0.9178082191780822,0.9481132075471698,0.9481132075471698,0.9150943396226415,0.8636784864163456,0.05460749538304397,0.20050661417724788,194,18,11,201
AnOxPP,identity60_coverage80,training grouped OOF,Length LR,1487,699,788,0.5105444325831681,0.49832178140587735,0.5245460659045057,0.5034067885231258,0.22900763358778625,0.481651376146789,0.15021459227467812,0.15021459227467812,0.8565989847715736,0.009614303108699889,0.2485153869401525,0.6900951315914181,675,113,594,105
AnOxPP,identity60_coverage80,training grouped OOF,AAC plus DPC plus length RF,1487,699,788,0.9339556872399295,0.9445102143549767,0.8782784129119031,0.8740032896886778,0.8610897927858787,0.9288079470198676,0.8025751072961373,0.8025751072961373,0.9454314720812182,0.760165741687031,0.1060887720242105,0.35701861978082094,745,43,138,561
AnOxPP,identity60_coverage80,training grouped OOF,Molecular ECFP4 branch,1487,699,788,0.9208314270567814,0.932961699203554,0.8507061197041023,0.8481496408938076,0.8353115727002968,0.8674884437596302,0.8054363376251789,0.8054363376251789,0.8908629441624365,0.7007341547403206,0.1280702042915018,0.7789630753386737,702,86,136,563
AnOxPP,identity60_coverage80,training grouped OOF,Contextual peptide-adapted ESM-2 branch,1487,699,788,0.8624666855478821,0.8752960021627144,0.792871553463349,0.7916421573967161,0.7777777777777778,0.784570596797671,0.771101573676681,0.771101573676681,0.8121827411167513,0.5839271016158758,0.17384027903984614,0.9120019011560396,640,148,160,539
AnOxPP,identity60_coverage80,training grouped OOF,Equal probability mean,1487,699,788,0.9102797324677023,0.9246595111996877,0.855413584398117,0.8528336347065786,0.8403860430586488,0.8734567901234568,0.8097281831187411,0.8097281831187411,0.8959390862944162,0.7102858902086334,0.11785365234975609,0.5301187091216734,706,82,133,566
AnOxPP,identity60_coverage80,training grouped OOF,Equal logit mean,1487,699,788,0.918321496263698,0.9328185186295888,0.855413584398117,0.8528336347065786,0.8403860430586488,0.8734567901234568,0.8097281831187411,0.8097281831187411,0.8959390862944162,0.7102858902086334,0.12024891648504005,0.6330659161119541,706,82,133,566
AnOxPP,identity60_coverage80,external test,Length LR,424,212,212,0.47361160555357773,0.4802673012777038,0.49528301886792453,0.49528301886792453,0.10833333333333334,0.4642857142857143,0.06132075471698113,0.06132075471698113,0.9292452830188679,-0.018993429409939658,0.25330941808369717,0.699803398589611,197,15,199,13
AnOxPP,identity60_coverage80,external test,AAC plus DPC plus length RF,424,212,212,0.9846030615877537,0.9873114514178889,0.9410377358490566,0.9410377358490566,0.9388753056234719,0.9746192893401016,0.9056603773584906,0.9056603773584906,0.9764150943396226,0.8842917328464673,0.07325885849056604,0.27215106102914455,207,5,20,192
AnOxPP,identity60_coverage80,external test,Molecular ECFP4 branch,424,212,212,0.9807315770736917,0.9830500240815745,0.9268867924528302,0.9268867924528301,0.927400468384075,0.9209302325581395,0.9339622641509434,0.9339622641509434,0.9198113207547169,0.8538590814845946,0.061561309265719066,0.23933860120772463,195,17,14,198
AnOxPP,identity60_coverage80,external test,Contextual peptide-adapted ESM-2 branch,424,212,212,0.9053488786044855,0.9121207631558901,0.8231132075471698,0.8231132075471699,0.8299319727891157,0.7991266375545851,0.8632075471698113,0.8632075471698113,0.7830188679245284,0.6483141794941011,0.1408787524995674,0.7382621926424939,166,46,29,183
AnOxPP,identity60_coverage80,external test,Equal probability mean,424,212,212,0.9684718761124954,0.9731387122163888,0.9292452830188679,0.9292452830188679,0.9299065420560748,0.9212962962962963,0.9386792452830188,0.9386792452830188,0.9198113207547169,0.8586434175596518,0.06964966048354819,0.2529906567242981,195,17,13,199
AnOxPP,identity60_coverage80,external test,Equal logit mean,424,212,212,0.9711641153435387,0.9766965097571699,0.9292452830188679,0.9292452830188679,0.9299065420560748,0.9212962962962963,0.9386792452830188,0.9386792452830188,0.9198113207547169,0.8586434175596518,0.06324631961288454,0.2836742215897235,195,17,13,199
AnOxPP,identity60_coverage80,external test,Cross-fitted logistic fusion,424,212,212,0.980442328230687,0.9836214548874004,0.9292452830188679,0.929245283018868,0.9308755760368663,0.9099099099099099,0.9528301886792453,0.9528301886792453,0.9056603773584906,0.8594472296946094,0.059194572589718414,0.21382351393081148,192,20,10,202
