row_index,header,sequence,label,length,AAC_A,AAC_C,AAC_D,AAC_E,AAC_F,AAC_G,AAC_H,AAC_I,AAC_K,AAC_L,AAC_M,AAC_N,AAC_P,AAC_Q,AAC_R,AAC_S,AAC_T,AAC_V,AAC_W,AAC_Y,charge_pH7,gravy_hydrophobicity,molecular_weight,propensity_positive,overlap_weight
0,0_neg_519,APSLGFHGVR,0,10,0.1,0.0,0.0,0.0,0.1,0.2,0.1,0.0,0.0,0.1,0.0,0.0,0.1,0.0,0.1,0.1,0.0,0.1,0.0,0.0,0.8830387762086728,0.16999999999999996,1040.1757,0.4653960378011304,0.4653960378011304
1,1_pos_524,RHQ,1,3,0.0,0.0,0.0,0.0,0.0,0.0,0.3333333333333333,0.0,0.0,0.0,0.0,0.0,0.0,0.3333333333333333,0.3333333333333333,0.0,0.0,0.0,0.0,0.0,0.8472658025438885,-3.733333333333333,439.4695,0.9902023465214214,0.009797653478578638
2,0_neg_766,FLPMIAKLLGGLL,0,13,0.07692307692307693,0.0,0.0,0.0,0.07692307692307693,0.15384615384615385,0.0,0.07692307692307693,0.07692307692307693,0.38461538461538464,0.07692307692307693,0.0,0.07692307692307693,0.0,0.0,0.0,0.0,0.0,0.0,0.0,0.7591026131903019,1.823076923076923,1385.7986999999998,0.19884052296394675,0.19884052296394675
3,0_neg_402,LRPAVIRPKGK,0,11,0.09090909090909091,0.0,0.0,0.0,0.0,0.09090909090909091,0.0,0.09090909090909091,0.18181818181818182,0.09090909090909091,0.0,0.0,0.18181818181818182,0.0,0.18181818181818182,0.0,0.0,0.09090909090909091,0.0,0.0,3.758083612391299,-0.5545454545454546,1234.5371,0.40437532148624494,0.40437532148624494
4,0_neg_539,TKQTLKVLITGAAGQIGYSL,0,20,0.1,0.0,0.0,0.0,0.0,0.15,0.0,0.1,0.1,0.15,0.0,0.0,0.0,0.1,0.0,0.05,0.15,0.05,0.0,0.05,1.3951995913696256,0.4,2062.4092,0.019467549770026297,0.019467549770026297
5,1_pos_1368,YFYPQL,1,6,0.0,0.0,0.0,0.0,0.16666666666666666,0.0,0.0,0.0,0.0,0.16666666666666666,0.0,0.0,0.16666666666666666,0.16666666666666666,0.0,0.0,0.0,0.0,0.0,0.3333333333333333,-0.24189638780869938,-0.18333333333333343,829.9375,0.8947592122698598,0.10524078773014023
6,0_neg_1198,SLDFPALW,0,8,0.125,0.0,0.125,0.0,0.125,0.0,0.0,0.0,0.0,0.25,0.0,0.0,0.125,0.0,0.0,0.125,0.0,0.0,0.125,0.0,-1.5387327798425563,0.6749999999999999,948.0720000000001,0.28132416730238125,0.28132416730238125
7,0_neg_1183,KNWAVLVAGSNGWPNYRHHA,0,20,0.15,0.0,0.0,0.0,0.0,0.1,0.1,0.0,0.05,0.05,0.0,0.15,0.05,0.0,0.05,0.05,0.0,0.1,0.1,0.05,1.9324419888004738,-0.7,2277.5011,0.012417184057637858,0.012417184057637858
8,0_neg_514,YPCKLNLKLGKVPFH,0,15,0.0,0.06666666666666667,0.0,0.0,0.06666666666666667,0.06666666666666667,0.06666666666666667,0.0,0.2,0.2,0.0,0.06666666666666667,0.13333333333333333,0.0,0.0,0.0,0.0,0.06666666666666667,0.0,0.06666666666666667,2.8333788083488765,-0.16000000000000006,1757.1495,0.08561154692313777,0.08561154692313777
9,1_pos_219,GEPGPPGAP,1,9,0.1111111111111111,0.0,0.0,0.1111111111111111,0.0,0.3333333333333333,0.0,0.0,0.0,0.0,0.0,0.0,0.4444444444444444,0.0,0.0,0.0,0.0,0.0,0.0,0.0,-1.2370879238374872,-1.0333333333333334,777.8219,0.9538840763445303,0.04611592365546968
10,0_neg_653,ENGQLDGVIDPK,0,12,0.0,0.0,0.16666666666666666,0.08333333333333333,0.0,0.16666666666666666,0.0,0.08333333333333333,0.08333333333333333,0.08333333333333333,0.0,0.08333333333333333,0.08333333333333333,0.08333333333333333,0.0,0.0,0.0,0.08333333333333333,0.0,0.0,-2.161929860421319,-0.9416666666666668,1284.3722,0.6114327283208129,0.6114327283208129
11,1_pos_972,YSTA,1,4,0.25,0.0,0.0,0.0,0.0,0.0,0.0,0.0,0.0,0.0,0.0,0.0,0.0,0.0,0.0,0.25,0.25,0.0,0.0,0.25,-0.2408973868096983,-0.25,440.4476,0.8774647385083592,0.12253526149164085
12,1_pos_1308,NLPLL,1,5,0.0,0.0,0.0,0.0,0.0,0.0,0.0,0.0,0.0,0.6,0.0,0.2,0.2,0.0,0.0,0.0,0.0,0.0,0.0,0.0,-0.23989838581069733,1.2599999999999998,568.7059,0.8692752428108637,0.13072475718913634
13,0_neg_410,QHWSHGWYPG,0,10,0.0,0.0,0.0,0.0,0.0,0.2,0.2,0.0,0.0,0.0,0.0,0.0,0.1,0.1,0.0,0.1,0.0,0.0,0.2,0.1,-0.0665490103005244,-1.6199999999999999,1254.3111999999999,0.731746309414373,0.731746309414373
14,1_pos_39,YYT,1,3,0.0,0.0,0.0,0.0,0.0,0.0,0.0,0.0,0.0,0.0,0.0,0.0,0.0,0.0,0.0,0.0,0.3333333333333333,0.0,0.0,0.6666666666666666,-0.24189638780869938,-1.0999999999999999,445.46560000000005,0.9853712448055637,0.014628755194436294
15,0_neg_114,FGVLNFF,0,7,0.0,0.0,0.0,0.0,0.42857142857142855,0.14285714285714285,0.0,0.0,0.0,0.14285714285714285,0.0,0.14285714285714285,0.0,0.0,0.0,0.0,0.0,0.14285714285714285,0.0,0.0,-0.23989838581069733,1.7857142857142858,842.9791999999999,0.20860469396547512,0.20860469396547512
16,1_pos_786,MK,1,2,0.0,0.0,0.0,0.0,0.0,0.0,0.0,0.0,0.5,0.0,0.5,0.0,0.0,0.0,0.0,0.0,0.0,0.0,0.0,0.0,0.49935568654234397,-1.0,277.3836,0.9968188529915405,0.003181147008459506
17,1_pos_1430,NWDDMEK,1,7,0.0,0.0,0.2857142857142857,0.14285714285714285,0.0,0.0,0.0,0.0,0.14285714285714285,0.0,0.14285714285714285,0.14285714285714285,0.0,0.0,0.0,0.0,0.0,0.0,0.14285714285714285,0.0,-2.235845402956799,-2.414285714285714,936.9849,0.7182313259249419,0.2817686740750581
18,0_neg_584,VQPPHSHGDNFYIWT,0,15,0.0,0.0,0.06666666666666667,0.0,0.06666666666666667,0.06666666666666667,0.13333333333333333,0.06666666666666667,0.0,0.0,0.0,0.06666666666666667,0.13333333333333333,0.06666666666666667,0.0,0.06666666666666667,0.06666666666666667,0.06666666666666667,0.06666666666666667,0.06666666666666667,-1.0915414735948303,-0.8466666666666668,1797.9215,0.10452078055316599,0.10452078055316599
19,0_neg_1251,RGSNLTIHPLRNIIDLFYVG,0,20,0.0,0.0,0.05,0.0,0.05,0.1,0.05,0.15,0.0,0.15,0.0,0.1,0.05,0.0,0.1,0.05,0.05,0.05,0.0,0.05,0.8473775625847313,0.19999999999999996,2298.6412,0.005796827376797781,0.005796827376797781
20,0_neg_488,GPSMGFHGMR,0,10,0.0,0.0,0.0,0.0,0.1,0.3,0.1,0.0,0.0,0.0,0.2,0.0,0.1,0.0,0.1,0.1,0.0,0.0,0.0,0.0,0.8472658025438885,-0.4700000000000001,1076.2525,0.5181861252761389,0.5181861252761389
21,1_pos_63,NEN,1,3,0.0,0.0,0.0,0.3333333333333333,0.0,0.0,0.0,0.0,0.0,0.0,0.0,0.6666666666666666,0.0,0.0,0.0,0.0,0.0,0.0,0.0,0.0,-1.2370879238374872,-3.5,375.3345,0.9845996680058783,0.015400331994121719
22,1_pos_45,SLVYPFPGPIPN,1,12,0.0,0.0,0.0,0.0,0.08333333333333333,0.08333333333333333,0.0,0.08333333333333333,0.0,0.08333333333333333,0.0,0.08333333333333333,0.3333333333333333,0.0,0.0,0.08333333333333333,0.0,0.08333333333333333,0.0,0.08333333333333333,-0.540852541781402,0.2416666666666666,1300.5004999999999,0.4184265227657566,0.5815734772342434
23,1_pos_333,AAPFPGQKSLQR,1,12,0.16666666666666666,0.0,0.0,0.0,0.08333333333333333,0.08333333333333333,0.0,0.0,0.08333333333333333,0.08333333333333333,0.0,0.0,0.16666666666666666,0.16666666666666666,0.08333333333333333,0.08333333333333333,0.0,0.0,0.0,0.0,1.7948655869550851,-0.7999999999999999,1299.4778999999999,0.26408248824768776,0.7359175117523122
24,0_neg_200,MNKKSIRNVNLKGKRVFDRV,0,20,0.0,0.0,0.05,0.0,0.05,0.05,0.0,0.05,0.2,0.05,0.05,0.15,0.0,0.0,0.15,0.05,0.0,0.15,0.0,0.0,5.4974494447851825,-0.9349999999999999,2402.8633999999997,0.0017963390569871898,0.0017963390569871898
25,1_pos_535,PHCKRM,1,6,0.0,0.16666666666666666,0.0,0.0,0.0,0.0,0.16666666666666666,0.0,0.16666666666666666,0.0,0.16666666666666666,0.0,0.16666666666666666,0.0,0.16666666666666666,0.0,0.0,0.0,0.0,0.0,2.034793064834931,-1.4666666666666668,770.9667,0.8531751815626448,0.14682481843735518
26,1_pos_1411,LTSGSANATGSR,1,12,0.16666666666666666,0.0,0.0,0.0,0.0,0.16666666666666666,0.0,0.0,0.0,0.08333333333333333,0.0,0.08333333333333333,0.0,0.0,0.08333333333333333,0.25,0.16666666666666666,0.0,0.0,0.0,0.7600916142893016,-0.43333333333333335,1121.1593,0.1550696818666027,0.8449303181333974
27,0_neg_1034,KPSPDRFYGLM,0,11,0.0,0.0,0.09090909090909091,0.0,0.09090909090909091,0.09090909090909091,0.0,0.0,0.09090909090909091,0.09090909090909091,0.09090909090909091,0.0,0.18181818181818182,0.0,0.09090909090909091,0.09090909090909091,0.0,0.0,0.0,0.09090909090909091,0.7592143732311445,-0.8272727272727274,1310.5203,0.24977209156508584,0.24977209156508584
28,0_neg_328,QVSLKYPEGKMYSFGL,0,16,0.0,0.0,0.0,0.0625,0.0625,0.125,0.0,0.0,0.125,0.125,0.0625,0.0,0.0625,0.0625,0.0,0.125,0.0,0.0625,0.0,0.125,0.7589160721665091,-0.30625,1847.1379000000002,0.09038645765798341,0.09038645765798341
29,0_neg_543,QSAREQG,0,7,0.14285714285714285,0.0,0.0,0.14285714285714285,0.0,0.14285714285714285,0.0,0.0,0.0,0.0,0.0,0.0,0.0,0.2857142857142857,0.14285714285714285,0.14285714285714285,0.0,0.0,0.0,0.0,-0.23709792373748817,-2.0571428571428574,774.7798999999999,0.8824611108774436,0.8824611108774436
30,0_neg_858,MSSSHIFIGETIGT,0,14,0.0,0.0,0.0,0.07142857142857142,0.07142857142857142,0.14285714285714285,0.07142857142857142,0.21428571428571427,0.0,0.0,0.07142857142857142,0.0,0.0,0.0,0.0,0.21428571428571427,0.14285714285714285,0.0,0.0,0.0,-1.409660662230858,0.4928571428571428,1479.6535,0.1425405384457543,0.1425405384457543
31,1_pos_602,QQPVLGPVRGPFPIIV,1,16,0.0,0.0,0.0,0.0,0.0625,0.125,0.0,0.125,0.0,0.0625,0.0,0.0,0.25,0.125,0.0625,0.0,0.0,0.1875,0.0,0.0,0.7600916142893016,0.59375,1717.0624,0.10432500559941793,0.8956749944005821
32,1_pos_909,YYH,1,3,0.0,0.0,0.0,0.0,0.0,0.0,0.3333333333333333,0.0,0.0,0.0,0.0,0.0,0.0,0.0,0.0,0.0,0.0,0.0,0.0,0.6666666666666666,-0.15472219955411248,-1.9333333333333336,481.50100000000003,0.9992747128781513,0.0007252871218487167
33,0_neg_94,LQPGLEYQYRYSARV,0,15,0.06666666666666667,0.0,0.0,0.06666666666666667,0.0,0.06666666666666667,0.0,0.0,0.0,0.13333333333333333,0.0,0.0,0.06666666666666667,0.13333333333333333,0.13333333333333333,0.06666666666666667,0.0,0.06666666666666667,0.0,0.2,0.7598950733655079,-0.84,1843.0466000000001,0.11430952130782523,0.11430952130782523
34,0_neg_277,GFGMLFKFL,0,9,0.0,0.0,0.0,0.0,0.3333333333333333,0.2222222222222222,0.0,0.0,0.1111111111111111,0.2222222222222222,0.1111111111111111,0.0,0.0,0.0,0.0,0.0,0.0,0.0,0.0,0.0,0.7591026131903019,1.4666666666666666,1059.3228,0.20778617029145782,0.20778617029145782
35,0_neg_1260,DAQEKRQPWIPFV,0,13,0.07692307692307693,0.0,0.07692307692307693,0.07692307692307693,0.07692307692307693,0.0,0.0,0.07692307692307693,0.07692307692307693,0.0,0.0,0.0,0.15384615384615385,0.15384615384615385,0.07692307692307693,0.0,0.0,0.07692307692307693,0.07692307692307693,0.0,-0.2369761637966441,-1.0153846153846153,1613.8137,0.1540516721075878,0.1540516721075878
36,0_neg_334,FLPLIGRVLSGIL,0,13,0.0,0.0,0.0,0.0,0.07692307692307693,0.15384615384615385,0.0,0.15384615384615385,0.0,0.3076923076923077,0.0,0.0,0.07692307692307693,0.0,0.07692307692307693,0.07692307692307693,0.0,0.07692307692307693,0.0,0.0,0.7600916142893016,1.8076923076923077,1397.7465,0.12663243802038623,0.12663243802038623
37,0_neg_1408,VLADVYNVEPETLR,0,14,0.07142857142857142,0.0,0.07142857142857142,0.14285714285714285,0.0,0.0,0.0,0.0,0.0,0.14285714285714285,0.0,0.07142857142857142,0.07142857142857142,0.0,0.07142857142857142,0.0,0.07142857142857142,0.21428571428571427,0.0,0.07142857142857142,-2.260278926057585,-0.007142857142857133,1617.7974,0.16990572707616167,0.16990572707616167
38,0_neg_567,ADGSDPAGGEFLAEGGGVR,0,19,0.15789473684210525,0.0,0.10526315789473684,0.10526315789473684,0.05263157894736842,0.3157894736842105,0.0,0.0,0.0,0.05263157894736842,0.0,0.0,0.05263157894736842,0.0,0.05263157894736842,0.05263157894736842,0.0,0.05263157894736842,0.0,0.0,-3.196272966219805,-0.37368421052631584,1761.8002000000001,0.11294281539760428,0.11294281539760428
39,0_neg_896,RSVCSNGCRPKPFGGCSC,0,18,0.0,0.2222222222222222,0.0,0.0,0.05555555555555555,0.16666666666666666,0.0,0.0,0.05555555555555555,0.0,0.0,0.05555555555555555,0.1111111111111111,0.0,0.1111111111111111,0.16666666666666666,0.0,0.05555555555555555,0.0,0.0,2.7194786529942605,-0.34444444444444444,1858.1542,0.006076748970420299,0.006076748970420299
40,0_neg_1267,STEQEDP,0,7,0.0,0.0,0.14285714285714285,0.2857142857142857,0.0,0.0,0.0,0.0,0.0,0.0,0.0,0.0,0.14285714285714285,0.14285714285714285,0.0,0.14285714285714285,0.14285714285714285,0.0,0.0,0.0,-3.533111855896136,-2.442857142857143,804.7563,0.8232378090940663,0.8232378090940663
41,1_pos_470,YLKT,1,4,0.0,0.0,0.0,0.0,0.0,0.0,0.0,0.0,0.25,0.25,0.0,0.0,0.0,0.0,0.0,0.0,0.25,0.0,0.0,0.25,0.758103612191301,-0.525,523.6223000000001,0.9565740701735334,0.04342592982646665
42,0_neg_175,GAVSGLLTNL,0,10,0.1,0.0,0.0,0.0,0.0,0.2,0.0,0.0,0.0,0.3,0.0,0.1,0.0,0.0,0.0,0.1,0.1,0.1,0.0,0.0,-0.23989838581069733,1.16,944.0834,0.4888632841005479,0.4888632841005479
43,0_neg_1525,AVTSSVADTTTVVRDDF,0,17,0.11764705882352941,0.0,0.17647058823529413,0.0,0.058823529411764705,0.0,0.0,0.0,0.0,0.0,0.0,0.0,0.0,0.0,0.058823529411764705,0.11764705882352941,0.23529411764705882,0.23529411764705882,0.0,0.0,-2.2007731292263806,0.22352941176470592,1783.8870000000002,0.008702735291465605,0.008702735291465605
44,0_neg_1156,AFVKGSAQRVAHGY,0,14,0.21428571428571427,0.0,0.0,0.0,0.07142857142857142,0.14285714285714285,0.07142857142857142,0.0,0.07142857142857142,0.0,0.0,0.0,0.0,0.07142857142857142,0.07142857142857142,0.07142857142857142,0.0,0.14285714285714285,0.0,0.07142857142857142,1.8810407742106712,-0.09999999999999999,1490.6644,0.20303985165268537,0.20303985165268537
45,0_neg_278,QPEESVFFA,0,9,0.1111111111111111,0.0,0.0,0.2222222222222222,0.2222222222222222,0.0,0.0,0.0,0.0,0.0,0.0,0.0,0.1111111111111111,0.1111111111111111,0.0,0.1111111111111111,0.0,0.1111111111111111,0.0,0.0,-2.234277461864277,-0.1444444444444445,1053.1215,0.47897982954838225,0.47897982954838225
46,0_neg_593,KKDGYPIQENGCKY,0,14,0.0,0.07142857142857142,0.07142857142857142,0.07142857142857142,0.0,0.14285714285714285,0.0,0.07142857142857142,0.21428571428571427,0.0,0.0,0.07142857142857142,0.07142857142857142,0.07142857142857142,0.0,0.0,0.0,0.0,0.0,0.14285714285714285,0.7491368420083431,-1.6928571428571428,1642.8301,0.39454172084658434,0.39454172084658434
47,0_neg_1048,GVLDAFRKIATVVKNLV,0,17,0.11764705882352941,0.0,0.058823529411764705,0.0,0.058823529411764705,0.058823529411764705,0.0,0.058823529411764705,0.11764705882352941,0.11764705882352941,0.0,0.058823529411764705,0.0,0.0,0.058823529411764705,0.0,0.058823529411764705,0.23529411764705882,0.0,0.0,1.7592143732311445,0.8764705882352941,1843.2172,0.022842372674311946,0.022842372674311946
48,0_neg_610,GALVAAYGLYDGFLTL,0,16,0.1875,0.0,0.0625,0.0,0.0625,0.1875,0.0,0.0,0.0,0.25,0.0,0.0,0.0,0.0,0.0,0.0,0.0625,0.0625,0.0,0.125,-1.2407756268688548,1.2249999999999999,1643.8758,0.1018497106666681,0.1018497106666681
49,0_neg_742,RGSNLTTHPLRNIKDLVVYM,0,20,0.0,0.0,0.05,0.0,0.0,0.05,0.05,0.05,0.05,0.15,0.05,0.1,0.05,0.0,0.1,0.05,0.1,0.1,0.0,0.05,1.8463785615857307,-0.29500000000000004,2327.7041,0.004240974205849836,0.004240974205849836
50,0_neg_574,NDWRNAMYPVVPGHE,0,15,0.06666666666666667,0.0,0.06666666666666667,0.06666666666666667,0.0,0.06666666666666667,0.06666666666666667,0.0,0.0,0.0,0.06666666666666667,0.13333333333333333,0.13333333333333333,0.0,0.06666666666666667,0.0,0.0,0.13333333333333333,0.06666666666666667,0.06666666666666667,-1.1445646957745679,-1.0266666666666666,1784.9476,0.15439379438418901,0.15439379438418901
51,0_neg_841,LLPIVGNLLNSLL,0,13,0.0,0.0,0.0,0.0,0.0,0.07692307692307693,0.0,0.07692307692307693,0.0,0.46153846153846156,0.0,0.15384615384615385,0.07692307692307693,0.0,0.0,0.07692307692307693,0.0,0.07692307692307693,0.0,0.0,-0.23989838581069733,1.669230769230769,1378.6985,0.19847137503114828,0.19847137503114828
52,0_neg_1046,VRPYLVAF,0,8,0.125,0.0,0.0,0.0,0.125,0.0,0.0,0.0,0.0,0.125,0.0,0.0,0.125,0.0,0.125,0.0,0.0,0.25,0.0,0.125,0.7329793890561502,1.175,964.1607000000001,0.5132290383399496,0.5132290383399496
53,1_pos_147,AGAPDERGPGPAAR,1,14,0.2857142857142857,0.0,0.07142857142857142,0.07142857142857142,0.0,0.21428571428571427,0.0,0.0,0.0,0.0,0.0,0.0,0.21428571428571427,0.0,0.14285714285714285,0.0,0.0,0.0,0.0,0.0,-0.20021418903286037,-1.0571428571428572,1321.3991999999998,0.374991823753546,0.625008176246454
54,1_pos_613,LPTSEAAKY,1,9,0.2222222222222222,0.0,0.0,0.1111111111111111,0.0,0.0,0.0,0.0,0.1111111111111111,0.1111111111111111,0.0,0.0,0.1111111111111111,0.0,0.0,0.1111111111111111,0.1111111111111111,0.0,0.0,0.1111111111111111,-0.23908592583548893,-0.48888888888888893,979.0846000000001,0.7273992187607959,0.27260078123920406
55,1_pos_1338,PEILPDGDHD,1,10,0.0,0.0,0.3,0.1,0.0,0.1,0.1,0.1,0.0,0.1,0.0,0.0,0.2,0.0,0.0,0.0,0.0,0.0,0.0,0.0,-3.944943297767011,-1.25,1107.1277,0.7407413637604712,0.25925863623952883
56,0_neg_709,AEYDVSDADIEAFYQ,0,15,0.2,0.0,0.2,0.13333333333333333,0.06666666666666667,0.0,0.0,0.06666666666666667,0.0,0.0,0.0,0.0,0.0,0.06666666666666667,0.0,0.06666666666666667,0.0,0.06666666666666667,0.0,0.13333333333333333,-5.197140207377961,-0.5,1735.7545,0.2017849177716123,0.2017849177716123
57,0_neg_37,AIGFDGLNDPDIVAR,0,15,0.13333333333333333,0.0,0.2,0.0,0.06666666666666667,0.13333333333333333,0.0,0.13333333333333333,0.0,0.06666666666666667,0.0,0.06666666666666667,0.06666666666666667,0.0,0.06666666666666667,0.0,0.0,0.06666666666666667,0.0,0.0,-2.2007731292263806,0.16666666666666666,1572.717,0.11187814005540513,0.11187814005540513
58,1_pos_103,VEVGGGARAP,1,10,0.2,0.0,0.0,0.1,0.0,0.3,0.0,0.0,0.0,0.0,0.0,0.0,0.1,0.0,0.1,0.0,0.0,0.2,0.0,0.0,-0.2632111479716386,0.12000000000000002,912.0019,0.8210722980592992,0.17892770194070085
59,0_neg_532,DGDALLKPCKLGDMQKLSSA,0,20,0.1,0.05,0.15,0.0,0.0,0.1,0.0,0.0,0.15,0.2,0.05,0.0,0.05,0.05,0.0,0.1,0.0,0.0,0.0,0.0,-0.24943409608717593,-0.32500000000000007,2090.4211,0.014912140670768237,0.014912140670768237
60,1_pos_135,EPLRY,1,5,0.0,0.0,0.0,0.2,0.0,0.0,0.0,0.0,0.0,0.2,0.0,0.0,0.2,0.0,0.2,0.0,0.0,0.0,0.0,0.2,-0.16418138220100897,-1.4200000000000002,676.761,0.9456667082248509,0.05433329177514912
61,0_neg_987,EDDLEDFNPTIA,0,12,0.08333333333333333,0.0,0.25,0.16666666666666666,0.08333333333333333,0.0,0.0,0.08333333333333333,0.0,0.08333333333333333,0.0,0.08333333333333333,0.08333333333333333,0.0,0.0,0.0,0.08333333333333333,0.0,0.0,0.0,-5.156999636509263,-0.8666666666666667,1378.3941,0.2554574694988302,0.2554574694988302
62,0_neg_1312,DPLNEERRANRYGFGL,0,16,0.0625,0.0,0.0625,0.125,0.0625,0.125,0.0,0.0,0.0,0.125,0.0,0.125,0.0625,0.0,0.1875,0.0,0.0,0.0,0.0,0.0625,-0.23418570162343677,-1.40625,1907.0509000000002,0.039609270513628426,0.039609270513628426
63,1_pos_1292,HQTSEFK,1,7,0.0,0.0,0.0,0.14285714285714285,0.14285714285714285,0.0,0.14285714285714285,0.0,0.14285714285714285,0.0,0.0,0.0,0.0,0.14285714285714285,0.0,0.14285714285714285,0.14285714285714285,0.0,0.0,0.0,-0.15091273658190096,-1.8285714285714287,875.9250999999999,0.7384281722875052,0.26157182771249476
64,0_neg_561,AQPSMRLRF,0,9,0.1111111111111111,0.0,0.0,0.0,0.1111111111111111,0.0,0.0,0.0,0.0,0.1111111111111111,0.1111111111111111,0.0,0.1111111111111111,0.1111111111111111,0.2222222222222222,0.1111111111111111,0.0,0.0,0.0,0.0,1.7958545880540848,-0.5111111111111112,1105.3137,0.1969928684149053,0.1969928684149053
65,0_neg_1148,TPPQPADNFIRF,0,12,0.08333333333333333,0.0,0.08333333333333333,0.0,0.16666666666666666,0.0,0.0,0.08333333333333333,0.0,0.0,0.0,0.08333333333333333,0.25,0.08333333333333333,0.08333333333333333,0.0,0.08333333333333333,0.0,0.0,0.0,-0.6006926445935283,-0.7166666666666668,1402.5528,0.11095884789574753,0.11095884789574753
66,1_pos_462,HRH,1,3,0.0,0.0,0.0,0.0,0.0,0.0,0.6666666666666666,0.0,0.0,0.0,0.0,0.0,0.0,0.0,0.3333333333333333,0.0,0.0,0.0,0.0,0.0,0.9344399907984754,-3.6333333333333333,448.47959999999995,0.9955378553663841,0.004462144633615939
67,1_pos_1442,VGPWQK,1,6,0.0,0.0,0.0,0.0,0.0,0.16666666666666666,0.0,0.0,0.16666666666666666,0.0,0.0,0.0,0.16666666666666666,0.16666666666666666,0.0,0.0,0.0,0.16666666666666666,0.16666666666666666,0.0,0.7329893889561515,-1.0166666666666666,713.8242,0.9448165087054482,0.0551834912945518
68,0_neg_491,HDRPKFCYLPADPGECMA,0,18,0.1111111111111111,0.1111111111111111,0.1111111111111111,0.05555555555555555,0.05555555555555555,0.05555555555555555,0.05555555555555555,0.0,0.05555555555555555,0.05555555555555555,0.05555555555555555,0.0,0.16666666666666666,0.0,0.05555555555555555,0.0,0.0,0.0,0.0,0.05555555555555555,-1.1694821957992336,-0.6388888888888888,2050.3405,0.02556678781630199,0.02556678781630199
69,1_pos_352,IPAGV,1,5,0.2,0.0,0.0,0.0,0.0,0.2,0.0,0.2,0.0,0.0,0.0,0.0,0.2,0.0,0.0,0.0,0.0,0.2,0.0,0.0,-0.23989838581069733,1.7,455.54830000000004,0.9734191326543663,0.026580867345633696
70,0_neg_1004,QHWSYGWLPG,0,10,0.0,0.0,0.0,0.0,0.0,0.2,0.1,0.0,0.0,0.1,0.0,0.0,0.1,0.1,0.0,0.1,0.0,0.0,0.2,0.1,-0.1537231985551114,-0.9200000000000002,1230.3295,0.621204816566257,0.621204816566257
71,1_pos_832,GKHQQEEENEGGSI,1,14,0.0,0.0,0.0,0.2857142857142857,0.0,0.21428571428571427,0.07142857142857142,0.07142857142857142,0.07142857142857142,0.0,0.0,0.07142857142857142,0.0,0.14285714285714285,0.0,0.07142857142857142,0.0,0.0,0.0,0.0,-3.14248135066227,-2.0785714285714287,1541.5327,0.7305184044339134,0.26948159556608664
72,1_pos_775,LHY,1,3,0.0,0.0,0.0,0.0,0.0,0.0,0.3333333333333333,0.0,0.0,0.3333333333333333,0.0,0.0,0.0,0.0,0.0,0.0,0.0,0.0,0.0,0.3333333333333333,-0.1537231985551114,-0.23333333333333348,431.48539999999997,0.99600250115958,0.00399749884042
73,1_pos_1215,HYH,1,3,0.0,0.0,0.0,0.0,0.0,0.0,0.6666666666666666,0.0,0.0,0.0,0.0,0.0,0.0,0.0,0.0,0.0,0.0,0.0,0.0,0.3333333333333333,-0.0665490103005244,-2.566666666666667,455.4671,0.9994294652714094,0.0005705347285905882
74,1_pos_217,GGE,1,3,0.0,0.0,0.0,0.3333333333333333,0.0,0.6666666666666666,0.0,0.0,0.0,0.0,0.0,0.0,0.0,0.0,0.0,0.0,0.0,0.0,0.0,0.0,-1.231850644069997,-1.4333333333333333,261.2319,0.9959886848843514,0.004011315115648562
75,1_pos_505,TVM,1,3,0.0,0.0,0.0,0.0,0.0,0.0,0.0,0.0,0.0,0.0,0.3333333333333333,0.0,0.0,0.0,0.0,0.0,0.3333333333333333,0.3333333333333333,0.0,0.0,-0.6018034056333719,1.8,349.44620000000003,0.838893687476138,0.16110631252386198
76,0_neg_1518,LNLKGLIKKVASLLN,0,15,0.06666666666666667,0.0,0.0,0.0,0.0,0.06666666666666667,0.0,0.06666666666666667,0.2,0.3333333333333333,0.0,0.13333333333333333,0.0,0.0,0.0,0.06666666666666667,0.0,0.06666666666666667,0.0,0.0,2.7571046111923003,0.64,1624.0205,0.10089220994704744,0.10089220994704744
77,1_pos_343,FGHPY,1,5,0.0,0.0,0.0,0.0,0.2,0.2,0.2,0.0,0.0,0.0,0.0,0.0,0.2,0.0,0.0,0.0,0.0,0.0,0.0,0.2,-0.1537231985551114,-0.7400000000000001,619.6681,0.9660593384329836,0.03394066156701636
78,1_pos_1380,GALAAH,1,6,0.5,0.0,0.0,0.0,0.0,0.16666666666666666,0.16666666666666666,0.0,0.0,0.16666666666666666,0.0,0.0,0.0,0.0,0.0,0.0,0.0,0.0,0.0,0.0,-0.15272419755611044,0.9333333333333332,538.5971999999999,0.961846663473709,0.03815333652629105
79,1_pos_329,LLPF,1,4,0.0,0.0,0.0,0.0,0.25,0.0,0.0,0.0,0.0,0.5,0.0,0.0,0.25,0.0,0.0,0.0,0.0,0.0,0.0,0.0,-0.23989838581069733,2.1999999999999997,488.61949999999996,0.6819063193217196,0.31809368067828037
80,1_pos_1425,WYSL,1,4,0.0,0.0,0.0,0.0,0.0,0.0,0.0,0.0,0.0,0.25,0.0,0.0,0.0,0.0,0.0,0.25,0.0,0.0,0.25,0.25,-0.2408973868096983,0.19999999999999993,567.6333000000001,0.8615306553676618,0.13846934463233818
81,1_pos_1449,YPVEPF,1,6,0.0,0.0,0.0,0.16666666666666666,0.16666666666666666,0.0,0.0,0.0,0.0,0.0,0.0,0.0,0.3333333333333333,0.0,0.0,0.0,0.0,0.16666666666666666,0.0,0.16666666666666666,-1.2380869248364883,-0.1666666666666667,750.8376999999999,0.9028806728144495,0.0971193271855505
82,1_pos_713,LHE,1,3,0.0,0.0,0.0,0.3333333333333333,0.0,0.0,0.3333333333333333,0.0,0.0,0.3333333333333333,0.0,0.0,0.0,0.0,0.0,0.0,0.0,0.0,0.0,0.0,-1.1446764558154103,-0.9666666666666668,397.4262,0.9928058092323869,0.007194190767613073
83,0_neg_523,KPEEDWGHR,0,9,0.0,0.0,0.1111111111111111,0.2222222222222222,0.0,0.1111111111111111,0.1111111111111111,0.0,0.1111111111111111,0.0,0.0,0.0,0.1111111111111111,0.0,0.1111111111111111,0.0,0.0,0.0,0.1111111111111111,0.0,-1.1469915135688469,-2.7777777777777777,1153.2044,0.7761824817159758,0.7761824817159758
84,1_pos_706,PHV,1,3,0.0,0.0,0.0,0.0,0.0,0.0,0.3333333333333333,0.0,0.0,0.0,0.0,0.0,0.3333333333333333,0.0,0.0,0.0,0.0,0.3333333333333333,0.0,0.0,0.04570305583294221,-0.20000000000000004,351.4008,0.9940022302174845,0.0059977697825155385
85,0_neg_888,KVLAPAEEAPAEAPAAAE,0,18,0.4444444444444444,0.0,0.0,0.2222222222222222,0.0,0.0,0.0,0.0,0.05555555555555555,0.05555555555555555,0.0,0.0,0.16666666666666666,0.0,0.0,0.0,0.0,0.05555555555555555,0.0,0.0,-3.224418259149367,-0.016666666666666656,1734.901,0.2822526007263067,0.2822526007263067
86,0_neg_719,EAAGLLAFPRV,0,11,0.2727272727272727,0.0,0.0,0.09090909090909091,0.09090909090909091,0.09090909090909091,0.0,0.0,0.0,0.18181818181818182,0.0,0.0,0.09090909090909091,0.0,0.09090909090909091,0.0,0.0,0.09090909090909091,0.0,0.0,-0.1631823812020079,0.9090909090909091,1143.3352,0.36014263535687213,0.36014263535687213
87,1_pos_1057,APGAGVY,1,7,0.2857142857142857,0.0,0.0,0.0,0.0,0.2857142857142857,0.0,0.0,0.0,0.0,0.0,0.0,0.14285714285714285,0.0,0.0,0.0,0.0,0.14285714285714285,0.0,0.14285714285714285,-0.20512441314491403,0.5857142857142856,633.6931,0.9637410757257722,0.03625892427422783
88,0_neg_1455,ITKDFDALMKYIKRI,0,15,0.06666666666666667,0.0,0.13333333333333333,0.0,0.06666666666666667,0.0,0.0,0.2,0.2,0.06666666666666667,0.06666666666666667,0.0,0.0,0.0,0.06666666666666667,0.0,0.06666666666666667,0.0,0.0,0.06666666666666667,1.7583371321729873,-0.09333333333333334,1855.2479000000003,0.038655350915318964,0.038655350915318964
89,0_neg_1253,GPDSTFLRL,0,9,0.0,0.0,0.1111111111111111,0.0,0.1111111111111111,0.1111111111111111,0.0,0.0,0.0,0.2222222222222222,0.0,0.0,0.1111111111111111,0.0,0.1111111111111111,0.1111111111111111,0.1111111111111111,0.0,0.0,0.0,-0.2387876247708538,-0.12222222222222229,1005.1251,0.18079253981672994,0.18079253981672994
90,0_neg_139,AQSFLRL,0,7,0.14285714285714285,0.0,0.0,0.0,0.14285714285714285,0.0,0.0,0.0,0.0,0.2857142857142857,0.0,0.0,0.0,0.14285714285714285,0.14285714285714285,0.14285714285714285,0.0,0.0,0.0,0.0,0.7958645879540859,0.48571428571428565,833.9744,0.36297746014675475,0.36297746014675475
91,1_pos_472,QWDRQ,1,5,0.0,0.0,0.2,0.0,0.0,0.0,0.0,0.0,0.0,0.0,0.0,0.0,0.0,0.4,0.2,0.0,0.0,0.0,0.2,0.0,-0.2387876247708538,-3.18,731.7567,0.7659175658311497,0.23408243416885033
92,1_pos_603,FPQY,1,4,0.0,0.0,0.0,0.0,0.25,0.0,0.0,0.0,0.0,0.0,0.0,0.0,0.25,0.25,0.0,0.0,0.0,0.0,0.0,0.25,-0.2408973868096983,-0.9000000000000001,553.6067,0.9457029016967996,0.0542970983032004
93,1_pos_1201,WYSLAMA,1,7,0.2857142857142857,0.0,0.0,0.0,0.0,0.0,0.0,0.0,0.0,0.14285714285714285,0.14285714285714285,0.0,0.0,0.0,0.0,0.14285714285714285,0.0,0.0,0.14285714285714285,0.14285714285714285,-0.2408973868096983,0.9,840.9851,0.7130195926064044,0.28698040739359565
94,1_pos_1077,DHHK,1,4,0.0,0.0,0.25,0.0,0.0,0.0,0.5,0.0,0.25,0.0,0.0,0.0,0.0,0.0,0.0,0.0,0.0,0.0,0.0,0.0,-0.0654282493606797,-3.45,535.5536000000001,0.9937147448082203,0.006285255191779693
95,0_neg_187,KWCFRVCYRGICYRKCR,0,17,0.0,0.23529411764705882,0.0,0.0,0.058823529411764705,0.058823529411764705,0.0,0.058823529411764705,0.11764705882352941,0.0,0.0,0.0,0.0,0.0,0.23529411764705882,0.0,0.0,0.058823529411764705,0.058823529411764705,0.11764705882352941,5.716461650197256,-0.48235294117647054,2240.7443,0.0014277648749398,0.0014277648749398
96,1_pos_119,REGGGGGYGGGGGGYGGR,1,18,0.0,0.0,0.0,0.05555555555555555,0.0,0.7222222222222222,0.0,0.0,0.0,0.0,0.0,0.0,0.0,0.0,0.1111111111111111,0.0,0.0,0.0,0.0,0.1111111111111111,0.760894074364509,-1.1277777777777778,1527.514,0.4367488526689131,0.5632511473310868
97,0_neg_1147,GSLGEKYAQKAAEVLTSIIP,0,20,0.15,0.0,0.0,0.1,0.0,0.1,0.0,0.1,0.1,0.1,0.0,0.0,0.05,0.05,0.0,0.1,0.05,0.05,0.0,0.05,-0.2372744648612799,0.095,2075.3617,0.04216035236558003,0.04216035236558003
98,1_pos_509,LLPHH,1,5,0.0,0.0,0.0,0.0,0.0,0.0,0.4,0.0,0.0,0.4,0.0,0.0,0.2,0.0,0.0,0.0,0.0,0.0,0.0,0.0,-0.06555000930152344,-0.08000000000000015,615.7243,0.978017447655088,0.021982552344911976
99,1_pos_1194,RWG,1,3,0.0,0.0,0.0,0.0,0.0,0.3333333333333333,0.0,0.0,0.0,0.0,0.0,0.0,0.0,0.0,0.3333333333333333,0.0,0.0,0.0,0.3333333333333333,0.0,0.7600916142893016,-1.9333333333333333,417.4622,0.9036023655898149,0.09639763441018512
100,1_pos_482,IVQNNDSTEYG,1,11,0.0,0.0,0.09090909090909091,0.09090909090909091,0.0,0.09090909090909091,0.0,0.09090909090909091,0.0,0.0,0.0,0.18181818181818182,0.0,0.09090909090909091,0.0,0.09090909090909091,0.09090909090909091,0.09090909090909091,0.0,0.09090909090909091,-2.2369661638966436,-1.0909090909090908,1239.2454,0.5556100771528175,0.4443899228471825
101,1_pos_1138,YYY,1,3,0.0,0.0,0.0,0.0,0.0,0.0,0.0,0.0,0.0,0.0,0.0,0.0,0.0,0.0,0.0,0.0,0.0,0.0,0.0,1.0,-0.24289538880770023,-1.3,507.53490000000005,0.9990780240178292,0.0009219759821708085
102,0_neg_76,INKYREWKNKKN,0,12,0.0,0.0,0.0,0.08333333333333333,0.0,0.0,0.0,0.08333333333333333,0.3333333333333333,0.0,0.0,0.25,0.0,0.0,0.08333333333333333,0.0,0.0,0.0,0.08333333333333333,0.08333333333333333,3.7579070712675073,-2.65,1620.8527,0.30862640040403655,0.30862640040403655
103,1_pos_1101,RENIDKPSRA,1,10,0.1,0.0,0.1,0.1,0.0,0.0,0.0,0.1,0.1,0.0,0.0,0.1,0.1,0.0,0.2,0.1,0.0,0.0,0.0,0.0,0.763013836303355,-1.95,1185.291,0.40192454026365954,0.5980754597363405
104,1_pos_200,QWPAQ,1,5,0.2,0.0,0.0,0.0,0.0,0.0,0.0,0.0,0.0,0.0,0.0,0.0,0.2,0.4,0.0,0.0,0.0,0.0,0.2,0.0,-0.23989838581069733,-1.54,628.6767,0.946159048121738,0.05384095187826199
105,1_pos_1363,YYL,1,3,0.0,0.0,0.0,0.0,0.0,0.0,0.0,0.0,0.0,0.3333333333333333,0.0,0.0,0.0,0.0,0.0,0.0,0.0,0.0,0.0,0.6666666666666666,-0.24189638780869938,0.3999999999999999,457.5193,0.9949229376875125,0.005077062312487501
106,0_neg_306,AVNVNTNVSAMTAQRYLNQA,0,20,0.2,0.0,0.0,0.0,0.0,0.0,0.0,0.0,0.0,0.05,0.05,0.2,0.0,0.1,0.05,0.05,0.1,0.15,0.0,0.05,0.7948655869550849,-0.175,2165.3863,0.009372638762099532,0.009372638762099532
107,1_pos_386,QQPVLGPVRGPFP,1,13,0.0,0.0,0.0,0.0,0.07692307692307693,0.15384615384615385,0.0,0.0,0.0,0.07692307692307693,0.0,0.0,0.3076923076923077,0.15384615384615385,0.07692307692307693,0.0,0.0,0.15384615384615385,0.0,0.0,0.7600916142893016,-0.2846153846153846,1391.6162,0.28119113980956145,0.7188088601904385
108,0_neg_1005,RPPGFDPFR,0,9,0.0,0.0,0.1111111111111111,0.0,0.2222222222222222,0.1111111111111111,0.0,0.0,0.0,0.0,0.0,0.0,0.3333333333333333,0.0,0.2222222222222222,0.0,0.0,0.0,0.0,0.0,0.7612023753291453,-1.3444444444444446,1088.2186,0.18883595918811785,0.18883595918811785
109,1_pos_921,KAI,1,3,0.3333333333333333,0.0,0.0,0.0,0.0,0.0,0.0,0.3333333333333333,0.3333333333333333,0.0,0.0,0.0,0.0,0.0,0.0,0.0,0.0,0.0,0.0,0.0,0.7591026131903019,0.8000000000000002,330.42310000000003,0.9940002866273558,0.005999713372644155
110,1_pos_216,GTVFEKKALPGPM,1,13,0.07692307692307693,0.0,0.0,0.07692307692307693,0.07692307692307693,0.15384615384615385,0.0,0.0,0.15384615384615385,0.07692307692307693,0.07692307692307693,0.0,0.15384615384615385,0.0,0.0,0.0,0.07692307692307693,0.07692307692307693,0.0,0.0,0.7609140741645111,-0.1153846153846154,1374.6471,0.3011095764119558,0.6988904235880442
111,0_neg_996,DTARLQWH,0,8,0.125,0.0,0.125,0.0,0.0,0.0,0.125,0.0,0.0,0.125,0.0,0.0,0.0,0.125,0.125,0.0,0.125,0.0,0.125,0.0,-0.1516134365162669,-1.3375000000000001,1026.1062,0.43529759437893806,0.43529759437893806
112,1_pos_1353,IHH,1,3,0.0,0.0,0.0,0.0,0.0,0.0,0.6666666666666666,0.3333333333333333,0.0,0.0,0.0,0.0,0.0,0.0,0.0,0.0,0.0,0.0,0.0,0.0,-0.06555000930152344,-0.6333333333333334,405.45149999999995,0.9987395094033523,0.0012604905966476787
113,0_neg_669,AAGQDFMRF,0,9,0.2222222222222222,0.0,0.1111111111111111,0.0,0.2222222222222222,0.1111111111111111,0.0,0.0,0.0,0.0,0.1111111111111111,0.0,0.0,0.1111111111111111,0.1111111111111111,0.0,0.0,0.0,0.0,0.0,-0.20301465110606953,-0.08888888888888893,1042.1683,0.24679239847467152,0.24679239847467152
114,0_neg_684,IPLDPVAGYKEPA,0,13,0.15384615384615385,0.0,0.07692307692307693,0.07692307692307693,0.0,0.07692307692307693,0.0,0.07692307692307693,0.07692307692307693,0.07692307692307693,0.0,0.0,0.23076923076923078,0.0,0.0,0.0,0.0,0.07692307692307693,0.0,0.07692307692307693,-1.2379651648956442,-0.10000000000000002,1369.5611,0.5730035176536512,0.5730035176536512
115,0_neg_1021,GKPNKPRPAPIKPRPPHPRL,0,20,0.05,0.0,0.0,0.0,0.0,0.05,0.05,0.05,0.15,0.05,0.0,0.05,0.4,0.0,0.15,0.0,0.0,0.0,0.0,0.0,5.844248799746883,-1.75,2253.6972,0.009036131251986936,0.009036131251986936
116,1_pos_1321,RWY,1,3,0.0,0.0,0.0,0.0,0.0,0.0,0.0,0.0,0.0,0.0,0.0,0.0,0.0,0.0,0.3333333333333333,0.0,0.0,0.0,0.3333333333333333,0.3333333333333333,0.7590926132903006,-2.2333333333333334,523.5840999999999,0.9357895127648297,0.06421048723517031
117,0_neg_169,PSPPGFSPFR,0,10,0.0,0.0,0.0,0.0,0.2,0.1,0.0,0.0,0.0,0.0,0.0,0.0,0.4,0.0,0.1,0.2,0.0,0.0,0.0,0.0,0.9585188676783541,-0.7300000000000001,1088.2153,0.20117254802280402,0.20117254802280402
118,1_pos_383,RDRHQKIG,1,8,0.0,0.0,0.125,0.0,0.0,0.125,0.125,0.125,0.125,0.0,0.0,0.0,0.0,0.125,0.25,0.0,0.0,0.0,0.0,0.0,1.8473775625847317,-2.375,1009.1238000000001,0.7596926307997224,0.24030736920027762
119,1_pos_571,FKK,1,3,0.0,0.0,0.0,0.0,0.3333333333333333,0.0,0.0,0.0,0.6666666666666666,0.0,0.0,0.0,0.0,0.0,0.0,0.0,0.0,0.0,0.0,0.0,1.758103612191301,-1.6666666666666667,421.5337,0.9736159569479276,0.026384043052072426
120,1_pos_1156,PEW,1,3,0.0,0.0,0.0,0.3333333333333333,0.0,0.0,0.0,0.0,0.0,0.0,0.0,0.0,0.3333333333333333,0.0,0.0,0.0,0.0,0.0,0.3333333333333333,0.0,-1.0386606704484347,-2.0,430.4544,0.9653696139271302,0.034630386072869834
121,0_neg_628,GVGSFIHKVVSAIKNVA,0,17,0.11764705882352941,0.0,0.0,0.0,0.058823529411764705,0.11764705882352941,0.058823529411764705,0.11764705882352941,0.11764705882352941,0.0,0.0,0.058823529411764705,0.0,0.0,0.0,0.11764705882352941,0.0,0.23529411764705882,0.0,0.0,1.845277800445888,0.9,1726.0278,0.07498026810836562,0.07498026810836562
122,1_pos_1394,DDGGK,1,5,0.0,0.0,0.4,0.0,0.0,0.4,0.0,0.0,0.2,0.0,0.0,0.0,0.0,0.0,0.0,0.0,0.0,0.0,0.0,0.0,-1.238655864930009,-2.34,490.46500000000003,0.9500402166955235,0.04995978330447648
123,0_neg_472,MMIPGHFDYHRPKSV,0,15,0.0,0.0,0.06666666666666667,0.0,0.06666666666666667,0.06666666666666667,0.13333333333333333,0.06666666666666667,0.06666666666666667,0.0,0.13333333333333333,0.0,0.13333333333333333,0.0,0.06666666666666667,0.06666666666666667,0.0,0.06666666666666667,0.0,0.06666666666666667,0.6738158230923601,-0.5800000000000001,1815.1259,0.09939783476849447,0.09939783476849447
124,0_neg_758,SASGGAGESSGMWFGPRL,0,18,0.1111111111111111,0.0,0.0,0.05555555555555555,0.05555555555555555,0.2777777777777778,0.0,0.0,0.0,0.05555555555555555,0.05555555555555555,0.0,0.05555555555555555,0.0,0.05555555555555555,0.2222222222222222,0.0,0.0,0.05555555555555555,0.0,-0.5370530787091918,-0.20000000000000004,1753.8890000000001,0.0432181837277191,0.0432181837277191
125,1_pos_1158,PGEKGSPGADGPIGAP,1,16,0.125,0.0,0.0625,0.0625,0.0,0.3125,0.0,0.0625,0.0625,0.0,0.0,0.0,0.25,0.0,0.0,0.0625,0.0,0.0,0.0,0.0,-1.0385389105075906,-0.75,1406.497,0.48723300633767397,0.512766993662326
126,1_pos_1413,RADHPF,1,6,0.16666666666666666,0.0,0.16666666666666666,0.0,0.16666666666666666,0.0,0.16666666666666666,0.0,0.0,0.0,0.0,0.0,0.16666666666666666,0.0,0.16666666666666666,0.0,0.0,0.0,0.0,0.0,-0.1516134365162669,-1.366666666666667,741.7946,0.6742827800095005,0.3257172199904995
127,0_neg_578,NFLGTLVNLAKKIL,0,14,0.07142857142857142,0.0,0.0,0.0,0.07142857142857142,0.07142857142857142,0.0,0.07142857142857142,0.14285714285714285,0.2857142857142857,0.0,0.14285714285714285,0.0,0.0,0.0,0.0,0.07142857142857142,0.07142857142857142,0.0,0.0,1.758103612191301,0.9,1543.8909999999998,0.08785497876895583,0.08785497876895583
128,0_neg_246,MKLAILGAGCYRTDAASGI,0,19,0.21052631578947367,0.05263157894736842,0.05263157894736842,0.0,0.0,0.15789473684210525,0.0,0.10526315789473684,0.05263157894736842,0.10526315789473684,0.05263157894736842,0.0,0.0,0.0,0.05263157894736842,0.05263157894736842,0.05263157894736842,0.0,0.0,0.05263157894736842,0.4895664564841766,0.6473684210526315,1911.2498999999998,0.028240217368291777,0.028240217368291777
129,0_neg_977,GFVDLAKKVVGGIRNALGI,0,19,0.10526315789473684,0.0,0.05263157894736842,0.0,0.05263157894736842,0.21052631578947367,0.0,0.10526315789473684,0.10526315789473684,0.10526315789473684,0.0,0.05263157894736842,0.0,0.0,0.05263157894736842,0.0,0.0,0.15789473684210525,0.0,0.0,1.7592143732311445,0.7736842105263158,1927.2938,0.02941284736056374,0.02941284736056374
130,1_pos_1107,VKLFPVKLFP,1,10,0.0,0.0,0.0,0.0,0.2,0.0,0.0,0.0,0.2,0.2,0.0,0.0,0.2,0.0,0.0,0.0,0.0,0.2,0.0,0.0,1.731990387957151,1.06,1187.5151,0.269765593564005,0.730234406435995
131,1_pos_1217,SCH,1,3,0.0,0.3333333333333333,0.0,0.0,0.0,0.0,0.3333333333333333,0.0,0.0,0.0,0.0,0.0,0.0,0.0,0.0,0.3333333333333333,0.0,0.0,0.0,0.0,-0.4625803426268239,-0.5000000000000001,345.3748,0.9044714032742837,0.09552859672571634
132,1_pos_1406,LVYIIQGR,1,8,0.0,0.0,0.0,0.0,0.0,0.125,0.0,0.25,0.0,0.125,0.0,0.0,0.0,0.125,0.125,0.0,0.0,0.125,0.0,0.125,0.7590926132903006,0.9125,961.1585,0.8311456566148172,0.1688543433851828
133,1_pos_400,IIGATNPAESAPGTIR,1,16,0.1875,0.0,0.0,0.0625,0.0,0.125,0.0,0.1875,0.0,0.0,0.0,0.0625,0.125,0.0,0.0625,0.0625,0.125,0.0,0.0,0.0,-0.23709792373748817,0.075,1567.7422000000001,0.13470437269412122,0.8652956273058787
134,1_pos_1388,KLSDW,1,5,0.0,0.0,0.2,0.0,0.0,0.0,0.0,0.0,0.2,0.2,0.0,0.0,0.0,0.0,0.0,0.2,0.0,0.0,0.2,0.0,-0.2397766258698535,-1.06,647.7198,0.7078256251710727,0.2921743748289273
135,1_pos_1115,LWI,1,3,0.0,0.0,0.0,0.0,0.0,0.0,0.0,0.3333333333333333,0.0,0.3333333333333333,0.0,0.0,0.0,0.0,0.0,0.0,0.0,0.0,0.3333333333333333,0.0,-0.23989838581069733,2.4666666666666663,430.54040000000003,0.90347329619527,0.09652670380473005
136,0_neg_777,GRDAYIADSENCTYT,0,15,0.13333333333333333,0.06666666666666667,0.13333333333333333,0.06666666666666667,0.0,0.06666666666666667,0.0,0.06666666666666667,0.0,0.0,0.0,0.06666666666666667,0.0,0.0,0.06666666666666667,0.06666666666666667,0.13333333333333333,0.0,0.0,0.13333333333333333,-2.2467553939548113,-0.8733333333333333,1678.7314999999999,0.08194482846780121,0.08194482846780121
137,1_pos_21,AQGTFLQPHQ,1,10,0.1,0.0,0.0,0.0,0.1,0.1,0.1,0.0,0.0,0.1,0.0,0.0,0.1,0.3,0.0,0.0,0.1,0.0,0.0,0.0,-0.11695122389132617,-0.8,1126.2219,0.5809903958696545,0.4190096041303455
138,1_pos_471,EDIVCW,1,6,0.0,0.16666666666666666,0.16666666666666666,0.16666666666666666,0.0,0.0,0.0,0.16666666666666666,0.0,0.0,0.0,0.0,0.0,0.0,0.0,0.0,0.0,0.16666666666666666,0.16666666666666666,0.0,-2.171952610461172,0.55,763.8581,0.6655095639165636,0.3344904360834364
139,1_pos_52,YLG,1,3,0.0,0.0,0.0,0.0,0.0,0.3333333333333333,0.0,0.0,0.0,0.3333333333333333,0.0,0.0,0.0,0.0,0.0,0.0,0.0,0.0,0.0,0.3333333333333333,-0.2408973868096983,0.6999999999999998,351.3974,0.9921285952783384,0.00787140472166159
140,1_pos_1055,LGPVRGPFPI,1,10,0.0,0.0,0.0,0.0,0.1,0.2,0.0,0.1,0.0,0.1,0.0,0.0,0.3,0.0,0.1,0.0,0.0,0.1,0.0,0.0,0.7600916142893016,0.5199999999999999,1052.2692,0.5237319799875794,0.47626802001242063
141,1_pos_803,IPAVFK,1,6,0.16666666666666666,0.0,0.0,0.0,0.16666666666666666,0.0,0.0,0.16666666666666666,0.16666666666666666,0.0,0.0,0.0,0.16666666666666666,0.0,0.0,0.0,0.0,0.16666666666666666,0.0,0.0,0.7591026131903019,1.3,673.8430999999999,0.8594088258271132,0.1405911741728868
142,1_pos_741,MFAEWQPR,1,8,0.125,0.0,0.0,0.125,0.125,0.0,0.0,0.0,0.0,0.0,0.125,0.0,0.125,0.125,0.125,0.0,0.0,0.0,0.125,0.0,-0.4968448503854459,-0.9375,1064.217,0.4781909793590375,0.5218090206409625
143,1_pos_957,FDYDPR,1,6,0.0,0.0,0.3333333333333333,0.0,0.16666666666666666,0.0,0.0,0.0,0.0,0.0,0.0,0.0,0.16666666666666666,0.0,0.16666666666666666,0.0,0.0,0.0,0.0,0.16666666666666666,-1.2386658648300104,-1.9333333333333333,811.838,0.5027536324610223,0.49724636753897766
144,1_pos_1270,GDLAYLDQGHR,1,11,0.09090909090909091,0.0,0.18181818181818182,0.0,0.0,0.18181818181818182,0.09090909090909091,0.0,0.0,0.18181818181818182,0.0,0.0,0.0,0.09090909090909091,0.09090909090909091,0.0,0.0,0.0,0.0,0.09090909090909091,-1.1514916765754235,-0.990909090909091,1244.3131999999998,0.5408533706846008,0.4591466293153992
145,0_neg_1284,QTPQWATGHFM,0,11,0.09090909090909091,0.0,0.0,0.0,0.09090909090909091,0.09090909090909091,0.09090909090909091,0.0,0.0,0.0,0.09090909090909091,0.0,0.09090909090909091,0.18181818181818182,0.0,0.0,0.18181818181818182,0.0,0.09090909090909091,0.0,-0.15272419755611044,-0.7272727272727273,1303.4449,0.25286162068328427,0.25286162068328427
146,0_neg_1302,MFTFAILLLCVQGCLIQ,0,17,0.058823529411764705,0.11764705882352941,0.0,0.0,0.11764705882352941,0.058823529411764705,0.0,0.11764705882352941,0.0,0.23529411764705882,0.058823529411764705,0.0,0.0,0.11764705882352941,0.0,0.0,0.058823529411764705,0.058823529411764705,0.0,0.0,-0.5194472926566749,2.0352941176470587,1913.4128,0.012749711897405869,0.012749711897405869
147,0_neg_297,APSMGFQGMR,0,10,0.1,0.0,0.0,0.0,0.1,0.2,0.0,0.0,0.0,0.0,0.2,0.0,0.1,0.1,0.1,0.1,0.0,0.0,0.0,0.0,0.7958645879540859,-0.2800000000000001,1081.269,0.4062789807952866,0.4062789807952866
148,1_pos_384,LSGYGP,1,6,0.0,0.0,0.0,0.0,0.0,0.3333333333333333,0.0,0.0,0.0,0.16666666666666666,0.0,0.0,0.16666666666666666,0.0,0.0,0.16666666666666666,0.0,0.0,0.0,0.16666666666666666,-0.2408973868096983,-0.11666666666666674,592.6412,0.9539303079688021,0.04606969203119793
149,1_pos_543,TSKT,1,4,0.0,0.0,0.0,0.0,0.0,0.0,0.0,0.0,0.25,0.0,0.0,0.0,0.0,0.0,0.0,0.25,0.5,0.0,0.0,0.0,0.39719759336762717,-1.525,435.4727,0.6940614130111337,0.30593858698886633
150,0_neg_213,VTLDVED,0,7,0.0,0.0,0.2857142857142857,0.14285714285714285,0.0,0.0,0.0,0.0,0.0,0.14285714285714285,0.0,0.0,0.0,0.0,0.0,0.0,0.14285714285714285,0.2857142857142857,0.0,0.0,-3.257778724584645,0.14285714285714288,789.8276,0.5927717018433246,0.5927717018433246
151,1_pos_594,QIESW,1,5,0.0,0.0,0.0,0.2,0.0,0.0,0.0,0.2,0.0,0.0,0.0,0.0,0.0,0.2,0.0,0.2,0.0,0.0,0.2,0.0,-1.2370879238374872,-0.8400000000000001,661.7033,0.9053275131192271,0.0946724868807729
152,0_neg_647,LPRHTLHCVAYHGYCFHSKV,0,20,0.05,0.1,0.0,0.0,0.05,0.05,0.2,0.0,0.05,0.1,0.0,0.0,0.05,0.0,0.05,0.05,0.05,0.1,0.0,0.1,2.0859893841126267,-0.08500000000000005,2368.7392999999997,0.006176985939094061,0.006176985939094061
153,0_neg_85,ADSRNPLEEEFRETNYEEF,0,19,0.05263157894736842,0.0,0.05263157894736842,0.3157894736842105,0.10526315789473684,0.0,0.0,0.0,0.0,0.05263157894736842,0.0,0.10526315789473684,0.05263157894736842,0.0,0.10526315789473684,0.05263157894736842,0.05263157894736842,0.0,0.0,0.05263157894736842,-5.187160880165811,-1.773684210526316,2375.416,0.017135163191331706,0.017135163191331706
154,1_pos_721,PGAEGAPGRDGAAGPK,1,16,0.25,0.0,0.0625,0.0625,0.0,0.3125,0.0,0.0,0.0625,0.0,0.0,0.0,0.1875,0.0,0.0625,0.0,0.0,0.0,0.0,0.0,-0.03854891040759156,-0.9375,1407.4884,0.40150449884407613,0.5984955011559239
155,1_pos_1344,LVNPHDHQN,1,9,0.0,0.0,0.1111111111111111,0.0,0.0,0.0,0.2222222222222222,0.0,0.0,0.1111111111111111,0.0,0.2222222222222222,0.1111111111111111,0.1111111111111111,0.0,0.0,0.0,0.1111111111111111,0.0,0.0,-1.0644292483616788,-1.5555555555555556,1073.1195,0.8203160904748578,0.17968390952514224
156,1_pos_1177,PW,1,2,0.0,0.0,0.0,0.0,0.0,0.0,0.0,0.0,0.0,0.0,0.0,0.0,0.5,0.0,0.0,0.0,0.0,0.0,0.5,0.0,-0.041471132421644796,-1.25,301.3404,0.9508403524663869,0.04915964753361313
157,1_pos_1455,YNY,1,3,0.0,0.0,0.0,0.0,0.0,0.0,0.0,0.0,0.0,0.0,0.0,0.3333333333333333,0.0,0.0,0.0,0.0,0.0,0.0,0.0,0.6666666666666666,-0.24189638780869938,-2.033333333333333,458.46430000000004,0.9971783370854783,0.002821662914521683
158,0_neg_869,VIGGDECNINEHPFLVLVYY,0,20,0.0,0.05,0.05,0.1,0.05,0.1,0.05,0.1,0.0,0.1,0.0,0.1,0.05,0.0,0.0,0.0,0.0,0.15,0.0,0.1,-3.1839947290010073,0.43999999999999995,2294.5795,0.03277422489707034,0.03277422489707034
159,0_neg_947,VIGGSDTTIGQYPHQLSLR,0,19,0.0,0.0,0.05263157894736842,0.0,0.0,0.15789473684210525,0.05263157894736842,0.10526315789473684,0.0,0.10526315789473684,0.0,0.0,0.05263157894736842,0.10526315789473684,0.05263157894736842,0.10526315789473684,0.10526315789473684,0.05263157894736842,0.0,0.05263157894736842,-0.1787256617494184,-0.23684210526315794,2042.2522,0.025636949967561936,0.025636949967561936
160,1_pos_1340,QDAHVPDNFIPK,1,12,0.08333333333333333,0.0,0.16666666666666666,0.0,0.08333333333333333,0.0,0.08333333333333333,0.08333333333333333,0.08333333333333333,0.0,0.0,0.08333333333333333,0.16666666666666666,0.08333333333333333,0.0,0.0,0.0,0.08333333333333333,0.0,0.0,-1.1514816766754221,-0.9166666666666666,1380.5041999999999,0.37589333204139064,0.6241066679586094
161,1_pos_201,WLLYLDGPPMGLT,1,13,0.0,0.0,0.07692307692307693,0.0,0.0,0.15384615384615385,0.0,0.0,0.0,0.3076923076923077,0.07692307692307693,0.0,0.15384615384615385,0.0,0.0,0.0,0.07692307692307693,0.0,0.07692307692307693,0.07692307692307693,-1.2397766258698537,0.5153846153846153,1475.7491,0.19094400952357873,0.8090559904764213
162,0_neg_1213,ATSAAQGAALDESVRKVLKP,0,20,0.25,0.0,0.05,0.05,0.0,0.05,0.0,0.0,0.1,0.1,0.0,0.0,0.05,0.05,0.05,0.1,0.05,0.1,0.0,0.0,0.7977978088691393,-0.10499999999999998,2012.2678999999998,0.01783351065102352,0.01783351065102352
163,1_pos_750,DDLPR,1,5,0.0,0.0,0.4,0.0,0.0,0.0,0.0,0.0,0.0,0.2,0.0,0.0,0.2,0.0,0.2,0.0,0.0,0.0,0.0,0.0,-1.2376668638310093,-1.86,614.6486,0.6334150160502355,0.36658498394976446
164,0_neg_1037,FLGALVNALTRVL,0,13,0.15384615384615385,0.0,0.0,0.0,0.07692307692307693,0.07692307692307693,0.0,0.0,0.0,0.3076923076923077,0.0,0.07692307692307693,0.0,0.0,0.07692307692307693,0.0,0.07692307692307693,0.15384615384615385,0.0,0.0,0.7600916142893016,1.6076923076923075,1386.6807999999999,0.0777969898261756,0.0777969898261756
165,0_neg_217,DASFHSWG,0,8,0.125,0.0,0.125,0.0,0.125,0.125,0.125,0.0,0.0,0.0,0.0,0.0,0.0,0.0,0.0,0.25,0.0,0.0,0.125,0.0,-1.151603436616266,-0.625,905.9095,0.42977033206275017,0.42977033206275017
166,0_neg_746,NYYKKLFGSGTTLVVT,0,16,0.0,0.0,0.0,0.0,0.0625,0.125,0.0,0.0,0.125,0.125,0.0,0.0625,0.0,0.0,0.0,0.0625,0.1875,0.125,0.0,0.125,1.7561056101932988,0.075,1791.0515,0.03310935289973682,0.03310935289973682
167,0_neg_1315,DPHHDFMRF,0,9,0.0,0.0,0.2222222222222222,0.0,0.2222222222222222,0.0,0.2222222222222222,0.0,0.0,0.0,0.1111111111111111,0.0,0.1111111111111111,0.0,0.1111111111111111,0.0,0.0,0.0,0.0,0.0,-1.0633184873218355,-1.3333333333333333,1201.3132,0.24597387930781353,0.24597387930781353
168,0_neg_327,SDRELHRSKAAYFF,0,14,0.14285714285714285,0.0,0.07142857142857142,0.07142857142857142,0.14285714285714285,0.0,0.07142857142857142,0.0,0.07142857142857142,0.07142857142857142,0.0,0.0,0.0,0.0,0.14285714285714285,0.14285714285714285,0.0,0.0,0.0,0.07142857142857142,0.5492338685872373,-0.9285714285714286,1726.8884999999998,0.037277225021430334,0.037277225021430334
169,0_neg_542,VNDGYLDNGLQEGDFE,0,16,0.0,0.0,0.1875,0.125,0.0625,0.1875,0.0,0.0,0.0,0.125,0.0,0.125,0.0,0.0625,0.0,0.0,0.0,0.0625,0.0,0.0625,-5.252790124510405,-0.99375,1784.7869999999998,0.18746182540270276,0.18746182540270276
170,0_neg_92,SNTSHQDFHSFYGTNLMIGG,0,20,0.0,0.0,0.05,0.0,0.1,0.15,0.1,0.05,0.0,0.05,0.05,0.1,0.0,0.05,0.0,0.15,0.1,0.0,0.0,0.05,-1.3653834043323836,-0.545,2213.3413,0.010224565149082848,0.010224565149082848
171,0_neg_615,QVNFTPSW,0,8,0.0,0.0,0.0,0.0,0.125,0.0,0.0,0.0,0.0,0.0,0.0,0.125,0.125,0.125,0.0,0.125,0.125,0.125,0.125,0.0,-0.23989838581069733,-0.5,978.0581999999999,0.3069291425249788,0.3069291425249788
172,1_pos_1391,PWG,1,3,0.0,0.0,0.0,0.0,0.0,0.3333333333333333,0.0,0.0,0.0,0.0,0.0,0.0,0.3333333333333333,0.0,0.0,0.0,0.0,0.0,0.3333333333333333,0.0,-0.041471132421644796,-0.9666666666666668,358.3917,0.9699899875357911,0.03001001246420887
173,1_pos_779,GSPGPQGPPGSIGPQ,1,15,0.0,0.0,0.0,0.0,0.0,0.3333333333333333,0.0,0.06666666666666667,0.0,0.0,0.0,0.0,0.3333333333333333,0.13333333333333333,0.0,0.13333333333333333,0.0,0.0,0.0,0.0,-0.23989838581069733,-0.9400000000000001,1332.4184,0.5390460368435477,0.4609539631564523
174,0_neg_562,SLLSLIRKLIT,0,11,0.0,0.0,0.0,0.0,0.0,0.0,0.0,0.18181818181818182,0.09090909090909091,0.36363636363636365,0.0,0.0,0.0,0.0,0.09090909090909091,0.18181818181818182,0.09090909090909091,0.0,0.0,0.0,1.4591374583185974,1.2272727272727273,1256.5774,0.14689631462798752,0.14689631462798752
175,0_neg_596,ISALFDEYEPLNDAD,0,15,0.13333333333333333,0.0,0.2,0.13333333333333333,0.06666666666666667,0.0,0.0,0.06666666666666667,0.0,0.13333333333333333,0.0,0.06666666666666667,0.06666666666666667,0.0,0.0,0.06666666666666667,0.0,0.0,0.0,0.06666666666666667,-5.228733278436441,-0.4133333333333334,1711.7761999999998,0.1464362890582567,0.1464362890582567
176,0_neg_1099,FEDGKKVRFFKSNKETIK,0,18,0.0,0.0,0.05555555555555555,0.1111111111111111,0.16666666666666666,0.05555555555555555,0.0,0.05555555555555555,0.2777777777777778,0.0,0.0,0.05555555555555555,0.0,0.0,0.05555555555555555,0.05555555555555555,0.05555555555555555,0.05555555555555555,0.0,0.0,2.761838294180562,-1.2666666666666666,2201.523,0.006468668187598609,0.006468668187598609
177,0_neg_77,AGFVLKGYTKTSQ,0,13,0.07692307692307693,0.0,0.0,0.0,0.07692307692307693,0.15384615384615385,0.0,0.0,0.15384615384615385,0.07692307692307693,0.0,0.0,0.0,0.07692307692307693,0.0,0.07692307692307693,0.15384615384615385,0.07692307692307693,0.0,0.07692307692307693,1.7928775848570844,-0.23076923076923078,1399.5902999999998,0.16589662415563378,0.16589662415563378
178,0_neg_24,NQDCLSDWSFYEQYCYKVF,0,19,0.0,0.10526315789473684,0.10526315789473684,0.05263157894736842,0.10526315789473684,0.0,0.0,0.0,0.05263157894736842,0.05263157894736842,0.0,0.05263157894736842,0.0,0.10526315789473684,0.0,0.10526315789473684,0.0,0.05263157894736842,0.05263157894736842,0.15789473684210525,-2.258644386151822,-0.668421052631579,2438.6435,0.005080477029591898,0.005080477029591898
179,0_neg_380,EPPPWVPV,0,8,0.0,0.0,0.0,0.125,0.0,0.0,0.0,0.0,0.0,0.0,0.0,0.0,0.5,0.0,0.0,0.0,0.0,0.25,0.125,0.0,-1.1631723813020067,-0.3,920.0620000000001,0.8468451224895462,0.8468451224895462
180,1_pos_357,IYIEQGNGITGM,1,12,0.0,0.0,0.0,0.08333333333333333,0.0,0.25,0.0,0.25,0.0,0.0,0.08333333333333333,0.08333333333333333,0.0,0.08333333333333333,0.0,0.0,0.08333333333333333,0.0,0.0,0.08333333333333333,-1.2380869248364883,0.14166666666666664,1295.4608999999998,0.6932614702608635,0.3067385297391365
181,0_neg_1263,QGPSPRHPIPP,0,11,0.0,0.0,0.0,0.0,0.0,0.09090909090909091,0.09090909090909091,0.09090909090909091,0.0,0.0,0.0,0.0,0.45454545454545453,0.09090909090909091,0.09090909090909091,0.09090909090909091,0.0,0.0,0.0,0.0,0.8472658025438885,-1.4454545454545455,1182.3317,0.6709291109041863,0.6709291109041863
182,1_pos_284,RWE,1,3,0.0,0.0,0.0,0.3333333333333333,0.0,0.0,0.0,0.0,0.0,0.0,0.0,0.0,0.0,0.0,0.3333333333333333,0.0,0.0,0.0,0.3333333333333333,0.0,-0.23186064396999817,-2.966666666666667,489.52489999999995,0.8897710240350889,0.1102289759649111
183,1_pos_903,PPK,1,3,0.0,0.0,0.0,0.0,0.0,0.0,0.0,0.0,0.3333333333333333,0.0,0.0,0.0,0.6666666666666666,0.0,0.0,0.0,0.0,0.0,0.0,0.0,0.9575298665793545,-2.3666666666666667,340.418,0.9957473905237523,0.004252609476247726
184,1_pos_1452,LCPVHRAADL,1,10,0.2,0.1,0.1,0.0,0.0,0.0,0.1,0.0,0.0,0.2,0.0,0.0,0.1,0.0,0.1,0.0,0.0,0.1,0.0,0.0,-0.1615144266152766,0.51,1094.2878,0.37382696457309444,0.6261730354269055
185,0_neg_586,QKKDKKDR,0,8,0.0,0.0,0.25,0.0,0.0,0.0,0.0,0.0,0.5,0.0,0.0,0.0,0.0,0.125,0.125,0.0,0.0,0.0,0.0,0.0,2.7583371321729873,-3.825,1045.1942000000001,0.7706922818148364,0.7706922818148364
186,1_pos_1086,YQQPVLGPVRGPFPIIV,1,17,0.0,0.0,0.0,0.0,0.058823529411764705,0.11764705882352941,0.0,0.11764705882352941,0.0,0.058823529411764705,0.0,0.0,0.23529411764705882,0.11764705882352941,0.058823529411764705,0.0,0.0,0.17647058823529413,0.0,0.058823529411764705,0.7590926132903006,0.48235294117647054,1880.2356,0.0725223681488981,0.9274776318511019
187,1_pos_390,GFFKWHPRCGEEHSMWT,1,17,0.0,0.058823529411764705,0.0,0.11764705882352941,0.11764705882352941,0.11764705882352941,0.11764705882352941,0.0,0.058823529411764705,0.0,0.058823529411764705,0.0,0.058823529411764705,0.0,0.058823529411764705,0.058823529411764705,0.058823529411764705,0.0,0.11764705882352941,0.0,-0.07083907635311482,-1.0294117647058822,2135.3852,0.012580414791056774,0.9874195852089432
188,1_pos_84,GDMNP,1,5,0.0,0.0,0.2,0.0,0.0,0.2,0.0,0.0,0.0,0.0,0.2,0.2,0.2,0.0,0.0,0.0,0.0,0.0,0.0,0.0,-1.2387776248708526,-1.4200000000000002,532.5678,0.9314056216622164,0.06859437833778359
189,0_neg_19,GPIPWQRRI,0,9,0.0,0.0,0.0,0.0,0.0,0.1111111111111111,0.0,0.2222222222222222,0.0,0.0,0.0,0.0,0.2222222222222222,0.1111111111111111,0.2222222222222222,0.0,0.0,0.0,0.1111111111111111,0.0,1.7600816143893008,-0.8888888888888888,1122.3227,0.5477266497022345,0.5477266497022345
190,0_neg_1517,QLTFTPNWGT,0,10,0.0,0.0,0.0,0.0,0.1,0.1,0.0,0.0,0.0,0.1,0.0,0.1,0.1,0.1,0.0,0.0,0.3,0.0,0.1,0.0,-0.23989838581069733,-0.54,1164.2666,0.14016538988696994,0.14016538988696994
191,0_neg_1513,SVDMVMKGIKLWPL,0,14,0.0,0.0,0.07142857142857142,0.0,0.0,0.07142857142857142,0.0,0.07142857142857142,0.14285714285714285,0.14285714285714285,0.14285714285714285,0.0,0.07142857142857142,0.0,0.0,0.07142857142857142,0.0,0.14285714285714285,0.07142857142857142,0.0,0.45926921815944177,0.6642857142857144,1617.0277999999998,0.12766807713695139,0.12766807713695139
192,1_pos_139,VYY,1,3,0.0,0.0,0.0,0.0,0.0,0.0,0.0,0.0,0.0,0.0,0.0,0.0,0.0,0.0,0.0,0.0,0.0,0.3333333333333333,0.0,0.6666666666666666,-0.2680096120428497,0.5333333333333333,443.4927,0.9966674802873325,0.003332519712667459
193,0_neg_1212,ITCLSDINSK,0,10,0.0,0.1,0.1,0.0,0.0,0.0,0.0,0.2,0.1,0.1,0.0,0.1,0.0,0.0,0.0,0.2,0.1,0.0,0.0,0.0,-0.24967761596886318,0.20999999999999996,1093.2518,0.25231800104904184,0.25231800104904184
194,1_pos_1469,INYW,1,4,0.0,0.0,0.0,0.0,0.0,0.0,0.0,0.25,0.0,0.0,0.0,0.25,0.0,0.0,0.0,0.0,0.0,0.0,0.25,0.25,-0.2408973868096983,-0.30000000000000004,594.6586000000001,0.9646414243028374,0.03535857569716261
195,0_neg_420,VPPGFTPF,0,8,0.0,0.0,0.0,0.0,0.25,0.125,0.0,0.0,0.0,0.0,0.0,0.0,0.375,0.0,0.0,0.0,0.125,0.125,0.0,0.0,-0.26601161004484764,0.48749999999999993,860.9947,0.42476058953692397,0.42476058953692397
196,0_neg_1124,FLGKKVLKAVGKQAAKKQME,0,20,0.15,0.0,0.0,0.05,0.05,0.1,0.0,0.0,0.3,0.1,0.05,0.0,0.0,0.1,0.0,0.0,0.0,0.1,0.0,0.0,4.762155349935998,-0.43,2202.7048,0.014868796606175766,0.014868796606175766
197,0_neg_1468,MVPYRNPRHQHVASVLRSGG,0,20,0.05,0.0,0.0,0.0,0.0,0.1,0.1,0.0,0.0,0.05,0.05,0.05,0.1,0.05,0.15,0.1,0.0,0.15,0.0,0.05,2.6736740633515144,-0.685,2261.5681,0.008980992769568314,0.008980992769568314
198,1_pos_1170,KALNEINQF,1,9,0.1111111111111111,0.0,0.0,0.1111111111111111,0.1111111111111111,0.0,0.0,0.1111111111111111,0.1111111111111111,0.1111111111111111,0.0,0.2222222222222222,0.0,0.1111111111111111,0.0,0.0,0.0,0.0,0.0,0.0,-0.23808692483648786,-0.5555555555555556,1076.2029,0.666680645754574,0.333319354245426
199,1_pos_80,YNI,1,3,0.0,0.0,0.0,0.0,0.0,0.0,0.0,0.3333333333333333,0.0,0.0,0.0,0.3333333333333333,0.0,0.0,0.0,0.0,0.0,0.0,0.0,0.3333333333333333,-0.2408973868096983,-0.10000000000000002,408.4487,0.9937829938187073,0.006217006181292728
200,1_pos_1352,QITEGEDGGG,1,10,0.0,0.0,0.1,0.2,0.0,0.4,0.0,0.1,0.0,0.0,0.0,0.0,0.0,0.1,0.0,0.0,0.1,0.0,0.0,0.0,-3.2331567009244324,-1.1800000000000002,961.9266,0.8856534733859288,0.11434652661407119
201,0_neg_991,LLPLVGNLLNDLL,0,13,0.0,0.0,0.07692307692307693,0.0,0.0,0.07692307692307693,0.0,0.0,0.0,0.5384615384615384,0.0,0.15384615384615385,0.07692307692307693,0.0,0.0,0.0,0.0,0.07692307692307693,0.0,0.0,-1.2387776248708526,1.4076923076923076,1406.7086,0.18174181757241525,0.18174181757241525
202,1_pos_1291,PSHDAHPE,1,8,0.125,0.0,0.125,0.125,0.0,0.0,0.25,0.0,0.0,0.0,0.0,0.0,0.25,0.0,0.0,0.125,0.0,0.0,0.0,0.0,-1.8579542532319262,-1.9500000000000002,888.8808999999999,0.9089712521691848,0.09102874783081516
203,0_neg_752,MPGLDSPAAVRRAAMDLLAR,0,20,0.25,0.0,0.1,0.0,0.0,0.05,0.0,0.0,0.0,0.15,0.1,0.0,0.1,0.0,0.15,0.05,0.0,0.05,0.0,0.0,0.5025662097210306,0.175,2111.4915,0.007528195767792647,0.007528195767792647
204,1_pos_896,DYDD,1,4,0.0,0.0,0.75,0.0,0.0,0.0,0.0,0.0,0.0,0.0,0.0,0.0,0.0,0.0,0.0,0.0,0.0,0.0,0.0,0.25,-3.2343542023828618,-2.95,526.4507,0.7840494179397725,0.21595058206022755
205,0_neg_999,DKNKKPIWMAGFPGFTPIR,0,19,0.05263157894736842,0.0,0.05263157894736842,0.0,0.10526315789473684,0.10526315789473684,0.0,0.10526315789473684,0.15789473684210525,0.0,0.05263157894736842,0.05263157894736842,0.15789473684210525,0.0,0.05263157894736842,0.0,0.05263157894736842,0.0,0.05263157894736842,0.0,2.7582153722321436,-0.6368421052631579,2203.6066,0.0067331061236551165,0.0067331061236551165
206,0_neg_1328,TETTEGDFIAEGGGVR,0,16,0.0625,0.0,0.0625,0.1875,0.0625,0.25,0.0,0.0625,0.0,0.0,0.0,0.0,0.0,0.0,0.0625,0.0,0.1875,0.0625,0.0,0.0,-3.592261258673897,-0.55625,1638.6876,0.13403675897220818,0.13403675897220818
207,1_pos_1375,MVPYPQR,1,7,0.0,0.0,0.0,0.0,0.0,0.0,0.0,0.0,0.0,0.0,0.14285714285714285,0.0,0.2857142857142857,0.14285714285714285,0.14285714285714285,0.0,0.0,0.14285714285714285,0.0,0.14285714285714285,0.4993456866423429,-0.9142857142857144,890.0608,0.8818942041498423,0.11810579585015768
208,0_neg_191,LGSPFGGFDTLGSNR,0,15,0.0,0.0,0.06666666666666667,0.0,0.13333333333333333,0.26666666666666666,0.0,0.0,0.0,0.13333333333333333,0.0,0.06666666666666667,0.06666666666666667,0.0,0.06666666666666667,0.13333333333333333,0.06666666666666667,0.0,0.0,0.0,-0.2387876247708538,-0.25333333333333335,1524.6327,0.045077007437855754,0.045077007437855754
209,1_pos_41,AEYVRLY,1,7,0.14285714285714285,0.0,0.0,0.14285714285714285,0.0,0.0,0.0,0.0,0.0,0.14285714285714285,0.0,0.0,0.0,0.0,0.14285714285714285,0.0,0.0,0.14285714285714285,0.0,0.2857142857142857,-0.20332295207070583,-0.1142857142857143,913.0278999999999,0.8859830179221493,0.11401698207785071
210,1_pos_700,CHI,1,3,0.0,0.3333333333333333,0.0,0.0,0.0,0.0,0.3333333333333333,0.3333333333333333,0.0,0.0,0.0,0.0,0.0,0.0,0.0,0.0,0.0,0.0,0.0,0.0,-0.16262518765512024,1.2666666666666666,371.45509999999996,0.972693929580516,0.027306070419483963
211,1_pos_1275,PHHADS,1,6,0.16666666666666666,0.0,0.16666666666666666,0.0,0.0,0.0,0.3333333333333333,0.0,0.0,0.0,0.0,0.0,0.16666666666666666,0.0,0.0,0.16666666666666666,0.0,0.0,0.0,0.0,-0.8660019949726263,-1.75,662.6517,0.9389892322085215,0.061010767791478515
212,1_pos_187,PC,1,2,0.0,0.5,0.0,0.0,0.0,0.0,0.0,0.0,0.0,0.0,0.0,0.0,0.5,0.0,0.0,0.0,0.0,0.0,0.0,0.0,-0.051372122520654595,0.44999999999999996,218.2734,0.8693933143321017,0.13060668566789835
213,0_neg_56,FDKNQPWGVIRDLNVVNFKR,0,20,0.0,0.0,0.1,0.0,0.1,0.05,0.0,0.05,0.1,0.05,0.0,0.15,0.05,0.05,0.1,0.0,0.0,0.15,0.05,0.0,1.760325134270988,-0.71,2445.7753,0.002188838023597595,0.002188838023597595
214,0_neg_389,GAVPAAQFSPRL,0,12,0.25,0.0,0.0,0.0,0.08333333333333333,0.08333333333333333,0.0,0.0,0.0,0.08333333333333333,0.0,0.0,0.16666666666666666,0.08333333333333333,0.08333333333333333,0.08333333333333333,0.0,0.08333333333333333,0.0,0.0,0.7600916142893016,0.31666666666666665,1213.3853,0.2581066036282691,0.2581066036282691
215,0_neg_176,GLGSLVGNALRIGAKLL,0,17,0.11764705882352941,0.0,0.0,0.0,0.0,0.23529411764705882,0.0,0.058823529411764705,0.058823529411764705,0.29411764705882354,0.0,0.058823529411764705,0.0,0.0,0.058823529411764705,0.058823529411764705,0.0,0.058823529411764705,0.0,0.0,1.759092613290301,1.0,1651.9908,0.07383644531837572,0.07383644531837572
216,1_pos_305,PPQ,1,3,0.0,0.0,0.0,0.0,0.0,0.0,0.0,0.0,0.0,0.0,0.0,0.0,0.6666666666666666,0.3333333333333333,0.0,0.0,0.0,0.0,0.0,0.0,-0.041471132421644796,-2.2333333333333334,340.37489999999997,0.9922208712756609,0.007779128724339057
217,0_neg_789,QPDPNAFYGLM,0,11,0.09090909090909091,0.0,0.09090909090909091,0.0,0.09090909090909091,0.09090909090909091,0.0,0.0,0.0,0.09090909090909091,0.09090909090909091,0.09090909090909091,0.18181818181818182,0.09090909090909091,0.0,0.0,0.0,0.0,0.0,0.09090909090909091,-1.2397766258698537,-0.4636363636363637,1252.3947,0.4632994992993903,0.4632994992993903
218,0_neg_975,FLSLIPHAINAISAIANHF,0,19,0.21052631578947367,0.0,0.0,0.0,0.10526315789473684,0.0,0.10526315789473684,0.21052631578947367,0.0,0.10526315789473684,0.0,0.10526315789473684,0.05263157894736842,0.0,0.0,0.10526315789473684,0.0,0.0,0.0,0.0,-0.06555000930152344,1.1473684210526314,2049.3737,0.019715920543076526,0.019715920543076526
219,1_pos_696,HVCYMF,1,6,0.0,0.16666666666666666,0.0,0.0,0.16666666666666666,0.0,0.16666666666666666,0.0,0.0,0.0,0.16666666666666666,0.0,0.0,0.0,0.0,0.0,0.0,0.16666666666666666,0.0,0.16666666666666666,-0.16362418865412132,1.15,798.9715,0.7412605966223224,0.25873940337767765
220,0_neg_1353,QGGPPRPQIPP,0,11,0.0,0.0,0.0,0.0,0.0,0.18181818181818182,0.0,0.09090909090909091,0.0,0.0,0.0,0.0,0.45454545454545453,0.18181818181818182,0.09090909090909091,0.0,0.0,0.0,0.0,0.0,0.7600916142893016,-1.4363636363636365,1143.2956,0.7493256067654297,0.7493256067654297
221,1_pos_1407,VEGGLS,1,6,0.0,0.0,0.0,0.16666666666666666,0.0,0.3333333333333333,0.0,0.0,0.0,0.16666666666666666,0.0,0.0,0.0,0.0,0.0,0.16666666666666666,0.0,0.16666666666666666,0.0,0.0,-1.2632011480716374,0.48333333333333334,560.5978,0.9358070226712988,0.06419297732870122
222,1_pos_1125,QYP,1,3,0.0,0.0,0.0,0.0,0.0,0.0,0.0,0.0,0.0,0.0,0.0,0.0,0.3333333333333333,0.3333333333333333,0.0,0.0,0.0,0.0,0.0,0.3333333333333333,-0.2408973868096983,-2.1333333333333333,406.4329,0.9965686581364231,0.0034313418635768533
223,1_pos_958,LNGDVW,1,6,0.0,0.0,0.16666666666666666,0.0,0.0,0.16666666666666666,0.0,0.0,0.0,0.16666666666666666,0.0,0.16666666666666666,0.0,0.0,0.0,0.0,0.0,0.16666666666666666,0.16666666666666666,0.0,-1.2387776248708526,-0.05000000000000001,702.7551,0.7604695238612771,0.23953047613872291
224,1_pos_268,DQAKAFLEKDNK,1,12,0.16666666666666666,0.0,0.16666666666666666,0.08333333333333333,0.08333333333333333,0.0,0.0,0.0,0.25,0.08333333333333333,0.0,0.08333333333333333,0.0,0.08333333333333333,0.0,0.0,0.0,0.0,0.0,0.0,-0.2378434049548006,-1.5833333333333333,1406.54,0.3181024740478682,0.6818975259521318
225,1_pos_1231,HDH,1,3,0.0,0.0,0.3333333333333333,0.0,0.0,0.0,0.6666666666666666,0.0,0.0,0.0,0.0,0.0,0.0,0.0,0.0,0.0,0.0,0.0,0.0,0.0,-1.0644292483616788,-3.3000000000000003,407.38129999999995,0.9937042119619077,0.006295788038092276
226,0_neg_185,FLPIPRPILLGLL,0,13,0.0,0.0,0.0,0.0,0.07692307692307693,0.07692307692307693,0.0,0.15384615384615385,0.0,0.38461538461538464,0.0,0.0,0.23076923076923078,0.0,0.07692307692307693,0.0,0.0,0.0,0.0,0.0,0.7600916142893016,1.6230769230769229,1461.8748999999998,0.12556419161408705,0.12556419161408705
227,1_pos_1129,GVPY,1,4,0.0,0.0,0.0,0.0,0.0,0.25,0.0,0.0,0.0,0.0,0.0,0.0,0.25,0.0,0.0,0.0,0.0,0.25,0.0,0.25,-0.2408973868096983,0.225,434.486,0.9909072319866755,0.009092768013324481
228,1_pos_277,RW,1,2,0.0,0.0,0.0,0.0,0.0,0.0,0.0,0.0,0.0,0.0,0.0,0.0,0.0,0.0,0.5,0.0,0.0,0.0,0.5,0.0,0.7600916142893016,-2.7,360.41089999999997,0.7900583346223676,0.20994166537763237
229,1_pos_538,YTY,1,3,0.0,0.0,0.0,0.0,0.0,0.0,0.0,0.0,0.0,0.0,0.0,0.0,0.0,0.0,0.0,0.0,0.3333333333333333,0.0,0.0,0.6666666666666666,-0.24189638780869938,-1.0999999999999999,445.46560000000005,0.9853712448055637,0.014628755194436294
230,1_pos_1045,MILMR,1,5,0.0,0.0,0.0,0.0,0.0,0.0,0.0,0.2,0.0,0.2,0.4,0.0,0.0,0.0,0.2,0.0,0.0,0.0,0.0,0.0,0.5003446876413439,1.52,662.9082,0.8247244295386184,0.17527557046138165
231,0_neg_912,LGSLDEYAR,0,9,0.1111111111111111,0.0,0.1111111111111111,0.1111111111111111,0.0,0.1111111111111111,0.0,0.0,0.0,0.2222222222222222,0.0,0.0,0.0,0.0,0.1111111111111111,0.1111111111111111,0.0,0.0,0.0,0.1111111111111111,-1.2369761637966445,-0.5111111111111112,1023.0973000000001,0.6010098010717867,0.6010098010717867
232,0_neg_432,ESIASFQGVLDGKYD,0,15,0.06666666666666667,0.0,0.13333333333333333,0.06666666666666667,0.06666666666666667,0.13333333333333333,0.0,0.06666666666666667,0.06666666666666667,0.06666666666666667,0.0,0.0,0.0,0.06666666666666667,0.0,0.13333333333333333,0.0,0.06666666666666667,0.0,0.06666666666666667,-2.1597479598130165,-0.3,1628.7339000000002,0.15685769714542971,0.15685769714542971
233,1_pos_773,ALGGA,1,5,0.4,0.0,0.0,0.0,0.0,0.4,0.0,0.0,0.0,0.2,0.0,0.0,0.0,0.0,0.0,0.0,0.0,0.0,0.0,0.0,-0.20412541214591307,1.3199999999999998,387.43129999999996,0.9683831680723605,0.03161683192763953
234,0_neg_646,CYFNNCPVG,0,9,0.0,0.2222222222222222,0.0,0.0,0.1111111111111111,0.1111111111111111,0.0,0.0,0.0,0.0,0.0,0.2222222222222222,0.1111111111111111,0.0,0.0,0.0,0.0,0.1111111111111111,0.0,0.1111111111111111,-0.2606993670077181,0.18888888888888886,1016.1507999999999,0.418656232782265,0.418656232782265
235,0_neg_1443,ATQRLPPLSTEPNR,0,14,0.07142857142857142,0.0,0.0,0.07142857142857142,0.0,0.0,0.0,0.0,0.0,0.14285714285714285,0.0,0.07142857142857142,0.21428571428571427,0.07142857142857142,0.14285714285714285,0.07142857142857142,0.14285714285714285,0.0,0.0,0.0,0.7986650500272949,-1.2214285714285715,1579.7562999999998,0.06485368240583098,0.06485368240583098
236,0_neg_262,CRQSCSFGPLTFVCDGNTK,0,19,0.0,0.15789473684210525,0.05263157894736842,0.0,0.10526315789473684,0.10526315789473684,0.0,0.0,0.05263157894736842,0.05263157894736842,0.0,0.05263157894736842,0.05263157894736842,0.05263157894736842,0.05263157894736842,0.10526315789473684,0.10526315789473684,0.05263157894736842,0.0,0.0,0.7305104039331161,-0.16842105263157894,2063.3376,0.0027021479092832878,0.0027021479092832878
237,1_pos_1349,DEQIPSHPPR,1,10,0.0,0.0,0.1,0.1,0.0,0.0,0.1,0.1,0.0,0.0,0.0,0.0,0.3,0.1,0.1,0.1,0.0,0.0,0.0,0.0,-1.1488029745430566,-1.9300000000000002,1175.2513999999999,0.6780501233723863,0.32194987662761365
238,1_pos_433,FY,1,2,0.0,0.0,0.0,0.0,0.5,0.0,0.0,0.0,0.0,0.0,0.0,0.0,0.0,0.0,0.0,0.0,0.0,0.0,0.0,0.5,-0.2408973868096983,0.7499999999999999,328.3623,0.9129208758382958,0.08707912416170416
239,0_neg_1169,CSTCLDKP,0,8,0.0,0.25,0.125,0.0,0.0,0.0,0.0,0.0,0.125,0.125,0.0,0.0,0.125,0.0,0.0,0.125,0.125,0.0,0.0,0.0,-0.2595786060678731,-0.21250000000000002,866.0147999999999,0.27457535741871275,0.27457535741871275
240,1_pos_1056,YYPFKGFA,1,8,0.125,0.0,0.0,0.0,0.25,0.125,0.0,0.0,0.125,0.0,0.0,0.0,0.125,0.0,0.0,0.0,0.0,0.0,0.0,0.25,0.7571046111922999,-0.13750000000000007,992.126,0.7142920856775415,0.28570791432245846
241,0_neg_1201,NCCPIDEESCCS,0,12,0.0,0.3333333333333333,0.08333333333333333,0.16666666666666666,0.0,0.0,0.0,0.08333333333333333,0.0,0.0,0.0,0.08333333333333333,0.08333333333333333,0.0,0.0,0.16666666666666666,0.0,0.0,0.0,0.0,-3.2727606613204716,-0.225,1302.4323,0.14680990551808434,0.14680990551808434
242,1_pos_783,LY,1,2,0.0,0.0,0.0,0.0,0.0,0.0,0.0,0.0,0.0,0.5,0.0,0.0,0.0,0.0,0.0,0.0,0.0,0.0,0.0,0.5,-0.2408973868096983,1.25,294.3461,0.9930517546063454,0.006948245393654573
243,1_pos_176,YASVV,1,5,0.2,0.0,0.0,0.0,0.0,0.0,0.0,0.0,0.0,0.0,0.0,0.0,0.0,0.0,0.0,0.2,0.0,0.4,0.0,0.2,-0.2408973868096983,1.6199999999999999,537.6057,0.9299354550517546,0.07006454494824543
244,0_neg_12,GNVAELTEVR,0,10,0.1,0.0,0.0,0.2,0.0,0.1,0.0,0.0,0.0,0.1,0.0,0.1,0.0,0.0,0.1,0.0,0.1,0.2,0.0,0.0,-1.234287461764278,-0.20999999999999996,1087.1843,0.5670421594400071,0.5670421594400071
245,0_neg_1494,VGQDATISFK,0,10,0.1,0.0,0.1,0.0,0.1,0.1,0.0,0.1,0.1,0.0,0.0,0.0,0.0,0.1,0.0,0.1,0.1,0.1,0.0,0.0,-0.2658898501040039,0.05000000000000001,1065.177,0.3821003705319259,0.3821003705319259
246,0_neg_725,MIEIRFHGRGGQGAV,0,15,0.06666666666666667,0.0,0.0,0.06666666666666667,0.06666666666666667,0.26666666666666666,0.06666666666666667,0.13333333333333333,0.0,0.0,0.06666666666666667,0.0,0.0,0.06666666666666667,0.13333333333333333,0.0,0.0,0.06666666666666667,0.0,0.0,0.5903193379691403,-0.07333333333333335,1627.8683,0.18074485508964033,0.18074485508964033
247,0_neg_512,PKDSMLLLQVPVY,0,13,0.0,0.0,0.07692307692307693,0.0,0.0,0.0,0.0,0.0,0.07692307692307693,0.23076923076923078,0.07692307692307693,0.0,0.15384615384615385,0.07692307692307693,0.0,0.07692307692307693,0.0,0.15384615384615385,0.0,0.07692307692307693,-0.042348373479802026,0.4230769230769231,1502.8158999999998,0.22071264668536694,0.22071264668536694
248,0_neg_1151,YAIVARPRF,0,9,0.2222222222222222,0.0,0.0,0.0,0.1111111111111111,0.0,0.0,0.1111111111111111,0.0,0.0,0.0,0.0,0.1111111111111111,0.0,0.2222222222222222,0.0,0.0,0.1111111111111111,0.0,0.1111111111111111,1.7590826133902997,0.35555555555555557,1092.2933,0.37884441108179995,0.37884441108179995
249,1_pos_1244,CSQAPLA,1,7,0.2857142857142857,0.14285714285714285,0.0,0.0,0.0,0.0,0.0,0.0,0.0,0.14285714285714285,0.0,0.0,0.14285714285714285,0.14285714285714285,0.0,0.14285714285714285,0.0,0.0,0.0,0.0,-0.24979937590970713,0.5714285714285714,688.7932999999999,0.7259991050973407,0.27400089490265933
250,0_neg_978,GKPFYPPPIYPEDM,0,14,0.0,0.0,0.07142857142857142,0.07142857142857142,0.07142857142857142,0.07142857142857142,0.0,0.07142857142857142,0.07142857142857142,0.0,0.07142857142857142,0.0,0.35714285714285715,0.0,0.0,0.0,0.0,0.0,0.0,0.14285714285714285,-1.2389641658946453,-0.9071428571428573,1650.8900999999998,0.3430521772428333,0.3430521772428333
251,0_neg_46,WLRMASGLTDYR,0,12,0.08333333333333333,0.0,0.08333333333333333,0.0,0.0,0.08333333333333333,0.0,0.0,0.0,0.16666666666666666,0.08333333333333333,0.0,0.0,0.0,0.16666666666666666,0.08333333333333333,0.08333333333333333,0.0,0.08333333333333333,0.08333333333333333,0.7602033743301442,-0.4416666666666667,1468.6788,0.07050984591413013,0.07050984591413013
252,1_pos_841,LEEAF,1,5,0.2,0.0,0.0,0.4,0.2,0.0,0.0,0.0,0.0,0.2,0.0,0.0,0.0,0.0,0.0,0.0,0.0,0.0,0.0,0.0,-2.234277461864277,0.2799999999999999,607.6526,0.8545076164635986,0.14549238353640137
253,1_pos_703,KAVPYPQ,1,7,0.14285714285714285,0.0,0.0,0.0,0.0,0.0,0.0,0.0,0.14285714285714285,0.0,0.0,0.0,0.2857142857142857,0.14285714285714285,0.0,0.0,0.0,0.14285714285714285,0.0,0.14285714285714285,0.758103612191301,-0.8428571428571429,801.9292999999999,0.9575438273281746,0.04245617267182544
254,0_neg_340,EGCCSNPPCRHTHPEVC,0,17,0.0,0.23529411764705882,0.0,0.11764705882352941,0.0,0.058823529411764705,0.11764705882352941,0.0,0.0,0.0,0.0,0.058823529411764705,0.17647058823529413,0.0,0.058823529411764705,0.058823529411764705,0.058823529411764705,0.058823529411764705,0.0,0.0,-1.0256275031156634,-0.8176470588235294,1869.0909000000001,0.03734093260036874,0.03734093260036874
255,0_neg_1490,LSAGPNGGSIAKLSVK,0,16,0.125,0.0,0.0,0.0,0.0,0.1875,0.0,0.0625,0.125,0.125,0.0,0.0625,0.0625,0.0,0.0,0.1875,0.0,0.0625,0.0,0.0,1.758103612191301,0.2125,1498.7231000000002,0.15218296090754246,0.15218296090754246
256,0_neg_960,DMDDFGLGDFDDGR,0,14,0.0,0.0,0.42857142857142855,0.0,0.14285714285714285,0.21428571428571427,0.0,0.0,0.0,0.07142857142857142,0.07142857142857142,0.0,0.0,0.0,0.07142857142857142,0.0,0.0,0.0,0.0,0.0,-5.233183820071631,-1.1,1574.5804999999998,0.060353429312281666,0.060353429312281666
257,0_neg_282,CFPGNCPDS,0,9,0.0,0.2222222222222222,0.1111111111111111,0.0,0.1111111111111111,0.1111111111111111,0.0,0.0,0.0,0.0,0.0,0.1111111111111111,0.2222222222222222,0.0,0.0,0.1111111111111111,0.0,0.0,0.0,0.0,-1.2585796050688725,-0.4000000000000001,939.0238999999999,0.2803806538905665,0.2803806538905665
258,1_pos_756,LEQQVDDLEGSLEQEKK,1,17,0.0,0.0,0.11764705882352941,0.23529411764705882,0.0,0.058823529411764705,0.0,0.0,0.11764705882352941,0.17647058823529413,0.0,0.0,0.0,0.17647058823529413,0.0,0.058823529411764705,0.0,0.058823529411764705,0.0,0.0,-4.22841301803617,-1.464705882352941,1988.1107000000002,0.1596781314869504,0.8403218685130496
259,0_neg_413,EVRPFPEVYERIA,0,13,0.07692307692307693,0.0,0.0,0.23076923076923078,0.07692307692307693,0.0,0.0,0.07692307692307693,0.0,0.0,0.0,0.0,0.15384615384615385,0.0,0.15384615384615385,0.0,0.0,0.15384615384615385,0.0,0.07692307692307693,-1.1585704581545895,-0.5,1604.8036,0.2301397281358865,0.2301397281358865
260,0_neg_462,FIGGIISFIKKLF,0,13,0.0,0.0,0.0,0.0,0.23076923076923078,0.15384615384615385,0.0,0.3076923076923077,0.15384615384615385,0.07692307692307693,0.0,0.0,0.0,0.0,0.0,0.07692307692307693,0.0,0.0,0.0,0.0,1.758103612191301,1.6,1482.8491999999999,0.0997568308267708,0.0997568308267708
261,0_neg_1239,MARIAGVNIPTGKRVPI,0,17,0.11764705882352941,0.0,0.0,0.0,0.0,0.11764705882352941,0.0,0.17647058823529413,0.058823529411764705,0.0,0.058823529411764705,0.058823529411764705,0.11764705882352941,0.0,0.11764705882352941,0.0,0.058823529411764705,0.11764705882352941,0.0,0.0,2.499335686742342,0.37058823529411766,1793.1851000000001,0.05123013118529157,0.05123013118529157
262,1_pos_1420,AGGF,1,4,0.25,0.0,0.0,0.0,0.25,0.5,0.0,0.0,0.0,0.0,0.0,0.0,0.0,0.0,0.0,0.0,0.0,0.0,0.0,0.0,-0.20412541214591307,0.95,350.36959999999993,0.923726784812408,0.076273215187592
263,0_neg_1521,IRCTGSKECYSPSY,0,14,0.0,0.14285714285714285,0.0,0.07142857142857142,0.0,0.07142857142857142,0.0,0.07142857142857142,0.07142857142857142,0.0,0.0,0.0,0.07142857142857142,0.0,0.07142857142857142,0.21428571428571427,0.07142857142857142,0.0,0.0,0.14285714285714285,0.7401030930674892,-0.7214285714285714,1593.7794,0.08199894172822052,0.08199894172822052
264,1_pos_918,KFPE,1,4,0.0,0.0,0.0,0.25,0.25,0.0,0.0,0.0,0.25,0.0,0.0,0.0,0.25,0.0,0.0,0.0,0.0,0.0,0.0,0.0,-0.23284964506899786,-1.55,519.5906,0.9477948348131737,0.052205165186826274
265,0_neg_1247,APYQKRNI,0,8,0.125,0.0,0.0,0.0,0.0,0.0,0.0,0.125,0.125,0.0,0.0,0.125,0.125,0.125,0.125,0.0,0.0,0.0,0.0,0.125,1.793866585956084,-1.5,989.1290000000001,0.8601361821255362,0.8601361821255362
266,0_neg_1466,GVIDAAKKVVNVLKNLF,0,17,0.11764705882352941,0.0,0.058823529411764705,0.0,0.058823529411764705,0.058823529411764705,0.0,0.058823529411764705,0.17647058823529413,0.11764705882352941,0.0,0.11764705882352941,0.0,0.0,0.0,0.0,0.0,0.23529411764705882,0.0,0.0,1.7582253721321448,0.7470588235294118,1828.2024999999999,0.04535826347467175,0.04535826347467175
267,0_neg_164,TPQQDFMRF,0,9,0.0,0.0,0.1111111111111111,0.0,0.2222222222222222,0.0,0.0,0.0,0.0,0.0,0.1111111111111111,0.0,0.1111111111111111,0.2222222222222222,0.1111111111111111,0.0,0.1111111111111111,0.0,0.0,0.0,-0.6006926445935283,-1.088888888888889,1169.3095,0.1477463906568149,0.1477463906568149
268,1_pos_861,APSFSDIPNPIGSENSE,1,17,0.058823529411764705,0.0,0.058823529411764705,0.11764705882352941,0.058823529411764705,0.058823529411764705,0.0,0.11764705882352941,0.0,0.0,0.0,0.11764705882352941,0.17647058823529413,0.0,0.0,0.23529411764705882,0.0,0.0,0.0,0.0,-3.192146447492158,-0.723529411764706,1760.8089,0.09223220643013451,0.9077677935698655
269,1_pos_1174,FIKK,1,4,0.0,0.0,0.0,0.0,0.25,0.0,0.0,0.25,0.5,0.0,0.0,0.0,0.0,0.0,0.0,0.0,0.0,0.0,0.0,0.0,1.758103612191301,-0.125,534.6913000000001,0.9609909051839562,0.039009094816043755
270,0_neg_1240,SGETSGEGNGMWFGPRL,0,17,0.0,0.0,0.0,0.11764705882352941,0.058823529411764705,0.29411764705882354,0.0,0.0,0.0,0.058823529411764705,0.058823529411764705,0.058823529411764705,0.058823529411764705,0.0,0.058823529411764705,0.11764705882352941,0.058823529411764705,0.0,0.058823529411764705,0.0,-1.5342426167359817,-0.7823529411764706,1781.8991,0.06407202279568157,0.06407202279568157
271,1_pos_781,LFSPR,1,5,0.0,0.0,0.0,0.0,0.2,0.0,0.0,0.0,0.0,0.2,0.0,0.0,0.2,0.0,0.2,0.2,0.0,0.0,0.0,0.0,0.7600916142893016,-0.060000000000000095,618.7249,0.4447004342823788,0.5552995657176212
272,0_neg_1367,GMWSKILGHLIR,0,12,0.0,0.0,0.0,0.0,0.0,0.16666666666666666,0.08333333333333333,0.16666666666666666,0.08333333333333333,0.16666666666666666,0.08333333333333333,0.0,0.0,0.0,0.08333333333333333,0.08333333333333333,0.0,0.0,0.08333333333333333,0.0,1.8462668015448882,0.36666666666666664,1410.7287999999999,0.2685836670587007,0.2685836670587007
273,0_neg_493,ELVSNASDALDKLR,0,14,0.14285714285714285,0.0,0.14285714285714285,0.07142857142857142,0.0,0.0,0.0,0.0,0.07142857142857142,0.21428571428571427,0.0,0.07142857142857142,0.0,0.0,0.07142857142857142,0.14285714285714285,0.0,0.07142857142857142,0.0,0.0,-1.1619398603213198,-0.3428571428571429,1530.6788999999999,0.0974744622905994,0.0974744622905994
274,1_pos_891,VLSLSQSKVLPVPQK,1,15,0.0,0.0,0.0,0.0,0.0,0.0,0.0,0.0,0.13333333333333333,0.2,0.0,0.0,0.13333333333333333,0.13333333333333333,0.0,0.2,0.0,0.2,0.0,0.0,1.731990387957151,0.23999999999999996,1622.9463999999998,0.09325935521561148,0.9067406447843885
275,0_neg_1384,AGLLDILGL,0,9,0.1111111111111111,0.0,0.1111111111111111,0.0,0.0,0.2222222222222222,0.0,0.1111111111111111,0.0,0.4444444444444444,0.0,0.0,0.0,0.0,0.0,0.0,0.0,0.0,0.0,0.0,-1.2030046512060686,1.911111111111111,884.0712000000001,0.6876707785679832,0.6876707785679832
276,1_pos_1079,YIPIQY,1,6,0.0,0.0,0.0,0.0,0.0,0.0,0.0,0.3333333333333333,0.0,0.0,0.0,0.0,0.16666666666666666,0.16666666666666666,0.0,0.0,0.0,0.0,0.0,0.3333333333333333,-0.24189638780869938,0.21666666666666665,795.9213,0.9821341714860073,0.017865828513992654
277,0_neg_1119,IWSGIQGAF,0,9,0.1111111111111111,0.0,0.0,0.0,0.1111111111111111,0.2222222222222222,0.0,0.2222222222222222,0.0,0.0,0.0,0.0,0.0,0.1111111111111111,0.0,0.1111111111111111,0.0,0.0,0.1111111111111111,0.0,-0.23989838581069733,0.8444444444444444,978.1012000000001,0.5921290740391013,0.5921290740391013
278,1_pos_1312,KILIYG,1,6,0.0,0.0,0.0,0.0,0.0,0.16666666666666666,0.0,0.3333333333333333,0.16666666666666666,0.16666666666666666,0.0,0.0,0.0,0.0,0.0,0.0,0.0,0.0,0.0,0.16666666666666666,0.758103612191301,1.2,705.8849,0.9741221544463413,0.025877845553658685
279,1_pos_867,EAPLNPKA,1,8,0.25,0.0,0.0,0.125,0.0,0.0,0.0,0.0,0.125,0.125,0.0,0.125,0.25,0.0,0.0,0.0,0.0,0.0,0.0,0.0,-0.1641713823010078,-0.8375,838.9480000000001,0.8999363855780175,0.10006361442198253
280,0_neg_484,EYDDMYTEKRPKVYAFGL,0,18,0.05555555555555555,0.0,0.1111111111111111,0.1111111111111111,0.05555555555555555,0.05555555555555555,0.0,0.0,0.1111111111111111,0.05555555555555555,0.05555555555555555,0.0,0.05555555555555555,0.0,0.05555555555555555,0.0,0.05555555555555555,0.05555555555555555,0.0,0.16666666666666666,-1.1631254023441135,-1.0222222222222221,2225.4747,0.0275831350994833,0.0275831350994833
281,1_pos_422,QCH,1,3,0.0,0.3333333333333333,0.0,0.0,0.0,0.0,0.3333333333333333,0.0,0.0,0.0,0.0,0.0,0.0,0.3333333333333333,0.0,0.0,0.0,0.0,0.0,0.0,-0.16262518765512024,-1.4000000000000001,386.4267,0.9784289163442945,0.02157108365570548
282,1_pos_30,PWI,1,3,0.0,0.0,0.0,0.0,0.0,0.0,0.0,0.3333333333333333,0.0,0.0,0.0,0.0,0.3333333333333333,0.0,0.0,0.0,0.0,0.0,0.3333333333333333,0.0,-0.041471132421644796,0.6666666666666666,414.498,0.9578597538287834,0.04214024617121659
283,1_pos_1017,NKGPR,1,5,0.0,0.0,0.0,0.0,0.0,0.2,0.0,0.0,0.2,0.0,0.0,0.2,0.2,0.0,0.2,0.0,0.0,0.0,0.0,0.0,1.759092613290301,-2.7800000000000002,570.6424,0.9633500648633776,0.0366499351366224
284,0_neg_763,AVPAVRKTNETLD,0,13,0.15384615384615385,0.0,0.07692307692307693,0.07692307692307693,0.0,0.0,0.0,0.0,0.07692307692307693,0.07692307692307693,0.0,0.07692307692307693,0.07692307692307693,0.0,0.07692307692307693,0.0,0.15384615384615385,0.15384615384615385,0.0,0.0,-0.19802228852455706,-0.46923076923076923,1413.5756999999999,0.149699837725856,0.149699837725856
285,1_pos_1190,IGINAENNQRN,1,11,0.09090909090909091,0.0,0.0,0.09090909090909091,0.0,0.09090909090909091,0.0,0.18181818181818182,0.0,0.0,0.0,0.36363636363636365,0.0,0.09090909090909091,0.09090909090909091,0.0,0.0,0.0,0.0,0.0,-0.23709792373748817,-1.3727272727272728,1242.299,0.6128964827295297,0.3871035172704703
286,1_pos_1133,QFLLAGR,1,7,0.14285714285714285,0.0,0.0,0.0,0.14285714285714285,0.14285714285714285,0.0,0.0,0.0,0.2857142857142857,0.0,0.0,0.0,0.14285714285714285,0.14285714285714285,0.0,0.0,0.0,0.0,0.0,0.7600916142893016,0.5428571428571428,803.9483999999999,0.5656128159803548,0.43438718401964516
287,1_pos_851,TTYY,1,4,0.0,0.0,0.0,0.0,0.0,0.0,0.0,0.0,0.0,0.0,0.0,0.0,0.0,0.0,0.0,0.0,0.5,0.0,0.0,0.5,-0.603801407631374,-1.0,546.5695000000001,0.917447984361479,0.08255201563852099
288,0_neg_1318,GECCTDCAQTAAANYC,0,16,0.25,0.25,0.0625,0.0625,0.0,0.0625,0.0,0.0,0.0,0.0,0.0,0.0625,0.0,0.0625,0.0,0.0,0.125,0.0,0.0,0.0625,-2.2765701242926832,0.0062500000000000125,1623.7640000000001,0.05551409905696761,0.05551409905696761
289,1_pos_1268,QTVAVGVIK,1,9,0.1111111111111111,0.0,0.0,0.0,0.0,0.1111111111111111,0.0,0.1111111111111111,0.1111111111111111,0.0,0.0,0.0,0.0,0.1111111111111111,0.0,0.0,0.1111111111111111,0.3333333333333333,0.0,0.0,0.7591026131903019,1.1555555555555557,914.1005,0.7657629586764295,0.23423704132357048
290,1_pos_890,NFHPQ,1,5,0.0,0.0,0.0,0.0,0.2,0.0,0.2,0.0,0.0,0.0,0.0,0.2,0.2,0.2,0.0,0.0,0.0,0.0,0.0,0.0,-0.15272419755611044,-1.8,641.6754,0.929518413069134,0.07048158693086604
291,1_pos_1357,IYVFVR,1,6,0.0,0.0,0.0,0.0,0.16666666666666666,0.0,0.0,0.16666666666666666,0.0,0.0,0.0,0.0,0.0,0.0,0.16666666666666666,0.0,0.0,0.3333333333333333,0.0,0.16666666666666666,0.7590926132903006,1.6500000000000001,795.9676,0.699468103895781,0.30053189610421904
292,0_neg_1228,YEDAYALQYCPR,0,12,0.16666666666666666,0.08333333333333333,0.08333333333333333,0.08333333333333333,0.0,0.0,0.0,0.0,0.0,0.08333333333333333,0.0,0.0,0.08333333333333333,0.08333333333333333,0.08333333333333333,0.0,0.0,0.0,0.0,0.25,-1.2488751558936562,-0.8833333333333333,1491.6227,0.3840375748301574,0.3840375748301574
293,1_pos_751,HHPL,1,4,0.0,0.0,0.0,0.0,0.0,0.0,0.5,0.0,0.0,0.25,0.0,0.0,0.25,0.0,0.0,0.0,0.0,0.0,0.0,0.0,-0.06555000930152344,-1.0500000000000003,502.5666999999999,0.9933001843823903,0.0066998156176096835
294,0_neg_64,APPGFTPFR,0,9,0.1111111111111111,0.0,0.0,0.0,0.2222222222222222,0.1111111111111111,0.0,0.0,0.0,0.0,0.0,0.0,0.3333333333333333,0.0,0.1111111111111111,0.0,0.1111111111111111,0.0,0.0,0.0,0.7958645879540859,-0.33333333333333337,989.1273000000001,0.2583048302703892,0.2583048302703892
295,0_neg_730,MAIVGTIIKIIKAIIDIFAK,0,20,0.15,0.0,0.05,0.0,0.05,0.05,0.0,0.4,0.15,0.0,0.05,0.0,0.0,0.0,0.0,0.0,0.05,0.05,0.0,0.0,1.498478445484187,1.7,2171.7701,0.017839934212621075,0.017839934212621075
296,1_pos_1164,LHPH,1,4,0.0,0.0,0.0,0.0,0.0,0.0,0.5,0.0,0.0,0.25,0.0,0.0,0.25,0.0,0.0,0.0,0.0,0.0,0.0,0.0,-0.06555000930152344,-1.0500000000000003,502.5666999999999,0.9933001843823903,0.0066998156176096835
297,0_neg_693,GCCGSFACRFGCVPCCV,0,17,0.058823529411764705,0.35294117647058826,0.0,0.0,0.11764705882352941,0.17647058823529413,0.0,0.0,0.0,0.0,0.0,0.0,0.058823529411764705,0.0,0.058823529411764705,0.058823529411764705,0.0,0.11764705882352941,0.0,0.0,0.7006856736952423,1.3352941176470587,1712.0923,0.006983776403567705,0.006983776403567705
298,0_neg_196,QGGWPRNPIPP,0,11,0.0,0.0,0.0,0.0,0.0,0.18181818181818182,0.0,0.09090909090909091,0.0,0.0,0.0,0.09090909090909091,0.36363636363636365,0.09090909090909091,0.09090909090909091,0.0,0.0,0.0,0.09090909090909091,0.0,0.7600916142893016,-1.3727272727272728,1218.3636999999999,0.5854875104542621,0.5854875104542621
299,1_pos_1459,AWEEREQGSR,1,10,0.1,0.0,0.0,0.3,0.0,0.1,0.0,0.0,0.0,0.0,0.0,0.0,0.0,0.1,0.2,0.1,0.0,0.0,0.1,0.0,-1.1957140260262844,-2.33,1247.2743,0.5078723019252812,0.4921276980747188
300,1_pos_233,PHL,1,3,0.0,0.0,0.0,0.0,0.0,0.0,0.3333333333333333,0.0,0.0,0.3333333333333333,0.0,0.0,0.3333333333333333,0.0,0.0,0.0,0.0,0.0,0.0,0.0,0.04570305583294221,-0.3333333333333335,365.4274,0.9909438666873681,0.009056133312631887
301,1_pos_849,LHF,1,3,0.0,0.0,0.0,0.0,0.3333333333333333,0.0,0.3333333333333333,0.0,0.0,0.3333333333333333,0.0,0.0,0.0,0.0,0.0,0.0,0.0,0.0,0.0,0.0,-0.15272419755611044,1.133333333333333,415.486,0.8835852211559354,0.11641477884406459
