row_index,header,sequence,length,label,times_selected,selection_fraction
0,0_neg_519,APSLGFHGVR,10,0,2257,0.9028
1,1_pos_524,RHQ,3,1,0,0.0
2,0_neg_766,FLPMIAKLLGGLL,13,0,555,0.222
3,0_neg_402,LRPAVIRPKGK,11,0,861,0.3444
4,0_neg_539,TKQTLKVLITGAAGQIGYSL,20,0,0,0.0
5,1_pos_1368,YFYPQL,6,1,0,0.0
6,0_neg_1198,SLDFPALW,8,0,1490,0.596
7,0_neg_1183,KNWAVLVAGSNGWPNYRHHA,20,0,0,0.0
8,0_neg_514,YPCKLNLKLGKVPFH,15,0,333,0.1332
9,1_pos_219,GEPGPPGAP,9,1,2500,1.0
10,0_neg_653,ENGQLDGVIDPK,12,0,1667,0.6668
11,1_pos_972,YSTA,4,1,0,0.0
12,1_pos_1308,NLPLL,5,1,0,0.0
13,0_neg_410,QHWSHGWYPG,10,0,2281,0.9124
14,1_pos_39,YYT,3,1,0,0.0
15,0_neg_114,FGVLNFF,7,0,2500,1.0
16,1_pos_786,MK,2,1,0,0.0
17,1_pos_1430,NWDDMEK,7,1,1327,0.5308
18,0_neg_584,VQPPHSHGDNFYIWT,15,0,348,0.1392
19,0_neg_1251,RGSNLTIHPLRNIIDLFYVG,20,0,0,0.0
20,0_neg_488,GPSMGFHGMR,10,0,2265,0.906
21,1_pos_63,NEN,3,1,0,0.0
22,1_pos_45,SLVYPFPGPIPN,12,1,2500,1.0
23,1_pos_333,AAPFPGQKSLQR,12,1,2500,1.0
24,0_neg_200,MNKKSIRNVNLKGKRVFDRV,20,0,0,0.0
25,1_pos_535,PHCKRM,6,1,0,0.0
26,1_pos_1411,LTSGSANATGSR,12,1,2500,1.0
27,0_neg_1034,KPSPDRFYGLM,11,0,833,0.3332
28,0_neg_328,QVSLKYPEGKMYSFGL,16,0,1264,0.5056
29,0_neg_543,QSAREQG,7,0,2500,1.0
30,0_neg_858,MSSSHIFIGETIGT,14,0,422,0.1688
31,1_pos_602,QQPVLGPVRGPFPIIV,16,1,2500,1.0
32,1_pos_909,YYH,3,1,0,0.0
33,0_neg_94,LQPGLEYQYRYSARV,15,0,350,0.14
34,0_neg_277,GFGMLFKFL,9,0,757,0.3028
35,0_neg_1260,DAQEKRQPWIPFV,13,0,589,0.2356
36,0_neg_334,FLPLIGRVLSGIL,13,0,609,0.2436
37,0_neg_1408,VLADVYNVEPETLR,14,0,423,0.1692
38,0_neg_567,ADGSDPAGGEFLAEGGGVR,19,0,0,0.0
39,0_neg_896,RSVCSNGCRPKPFGGCSC,18,0,418,0.1672
40,0_neg_1267,STEQEDP,7,0,2500,1.0
41,1_pos_470,YLKT,4,1,0,0.0
42,0_neg_175,GAVSGLLTNL,10,0,2267,0.9068
43,0_neg_1525,AVTSSVADTTTVVRDDF,17,0,929,0.3716
44,0_neg_1156,AFVKGSAQRVAHGY,14,0,440,0.176
45,0_neg_278,QPEESVFFA,9,0,750,0.3
46,0_neg_593,KKDGYPIQENGCKY,14,0,421,0.1684
47,0_neg_1048,GVLDAFRKIATVVKNLV,17,0,881,0.3524
48,0_neg_610,GALVAAYGLYDGFLTL,16,0,1231,0.4924
49,0_neg_742,RGSNLTTHPLRNIKDLVVYM,20,0,0,0.0
50,0_neg_574,NDWRNAMYPVVPGHE,15,0,355,0.142
51,0_neg_841,LLPIVGNLLNSLL,13,0,540,0.216
52,0_neg_1046,VRPYLVAF,8,0,1530,0.612
53,1_pos_147,AGAPDERGPGPAAR,14,1,2500,1.0
54,1_pos_613,LPTSEAAKY,9,1,2500,1.0
55,1_pos_1338,PEILPDGDHD,10,1,2500,1.0
56,0_neg_709,AEYDVSDADIEAFYQ,15,0,336,0.1344
57,0_neg_37,AIGFDGLNDPDIVAR,15,0,396,0.1584
58,1_pos_103,VEVGGGARAP,10,1,2500,1.0
59,0_neg_532,DGDALLKPCKLGDMQKLSSA,20,0,0,0.0
60,1_pos_135,EPLRY,5,1,0,0.0
61,0_neg_987,EDDLEDFNPTIA,12,0,1658,0.6632
62,0_neg_1312,DPLNEERRANRYGFGL,16,0,1216,0.4864
63,1_pos_1292,HQTSEFK,7,1,1399,0.5596
64,0_neg_561,AQPSMRLRF,9,0,695,0.278
65,0_neg_1148,TPPQPADNFIRF,12,0,1673,0.6692
66,1_pos_462,HRH,3,1,0,0.0
67,1_pos_1442,VGPWQK,6,1,0,0.0
68,0_neg_491,HDRPKFCYLPADPGECMA,18,0,425,0.17
69,1_pos_352,IPAGV,5,1,0,0.0
70,0_neg_1004,QHWSYGWLPG,10,0,2314,0.9256
71,1_pos_832,GKHQQEEENEGGSI,14,1,2500,1.0
72,1_pos_775,LHY,3,1,0,0.0
73,1_pos_1215,HYH,3,1,0,0.0
74,1_pos_217,GGE,3,1,0,0.0
75,1_pos_505,TVM,3,1,0,0.0
76,0_neg_1518,LNLKGLIKKVASLLN,15,0,349,0.1396
77,1_pos_343,FGHPY,5,1,0,0.0
78,1_pos_1380,GALAAH,6,1,0,0.0
79,1_pos_329,LLPF,4,1,0,0.0
80,1_pos_1425,WYSL,4,1,0,0.0
81,1_pos_1449,YPVEPF,6,1,0,0.0
82,1_pos_713,LHE,3,1,0,0.0
83,0_neg_523,KPEEDWGHR,9,0,745,0.298
84,1_pos_706,PHV,3,1,0,0.0
85,0_neg_888,KVLAPAEEAPAEAPAAAE,18,0,399,0.1596
86,0_neg_719,EAAGLLAFPRV,11,0,805,0.322
87,1_pos_1057,APGAGVY,7,1,1395,0.558
88,0_neg_1455,ITKDFDALMKYIKRI,15,0,337,0.1348
89,0_neg_1253,GPDSTFLRL,9,0,755,0.302
90,0_neg_139,AQSFLRL,7,0,2500,1.0
91,1_pos_472,QWDRQ,5,1,0,0.0
92,1_pos_603,FPQY,4,1,0,0.0
93,1_pos_1201,WYSLAMA,7,1,1417,0.5668
94,1_pos_1077,DHHK,4,1,0,0.0
95,0_neg_187,KWCFRVCYRGICYRKCR,17,0,891,0.3564
96,1_pos_119,REGGGGGYGGGGGGYGGR,18,1,2500,1.0
97,0_neg_1147,GSLGEKYAQKAAEVLTSIIP,20,0,0,0.0
98,1_pos_509,LLPHH,5,1,0,0.0
99,1_pos_1194,RWG,3,1,0,0.0
100,1_pos_482,IVQNNDSTEYG,11,1,2500,1.0
101,1_pos_1138,YYY,3,1,0,0.0
102,0_neg_76,INKYREWKNKKN,12,0,1670,0.668
103,1_pos_1101,RENIDKPSRA,10,1,2500,1.0
104,1_pos_200,QWPAQ,5,1,0,0.0
105,1_pos_1363,YYL,3,1,0,0.0
106,0_neg_306,AVNVNTNVSAMTAQRYLNQA,20,0,0,0.0
107,1_pos_386,QQPVLGPVRGPFP,13,1,2500,1.0
108,0_neg_1005,RPPGFDPFR,9,0,752,0.3008
109,1_pos_921,KAI,3,1,0,0.0
110,1_pos_216,GTVFEKKALPGPM,13,1,2500,1.0
111,0_neg_996,DTARLQWH,8,0,1464,0.5856
112,1_pos_1353,IHH,3,1,0,0.0
113,0_neg_669,AAGQDFMRF,9,0,751,0.3004
114,0_neg_684,IPLDPVAGYKEPA,13,0,577,0.2308
115,0_neg_1021,GKPNKPRPAPIKPRPPHPRL,20,0,0,0.0
116,1_pos_1321,RWY,3,1,0,0.0
117,0_neg_169,PSPPGFSPFR,10,0,2276,0.9104
118,1_pos_383,RDRHQKIG,8,1,2500,1.0
119,1_pos_571,FKK,3,1,0,0.0
120,1_pos_1156,PEW,3,1,0,0.0
121,0_neg_628,GVGSFIHKVVSAIKNVA,17,0,960,0.384
122,1_pos_1394,DDGGK,5,1,0,0.0
123,0_neg_472,MMIPGHFDYHRPKSV,15,0,350,0.14
124,0_neg_758,SASGGAGESSGMWFGPRL,18,0,430,0.172
125,1_pos_1158,PGEKGSPGADGPIGAP,16,1,2500,1.0
126,1_pos_1413,RADHPF,6,1,0,0.0
127,0_neg_578,NFLGTLVNLAKKIL,14,0,408,0.1632
128,0_neg_246,MKLAILGAGCYRTDAASGI,19,0,0,0.0
129,0_neg_977,GFVDLAKKVVGGIRNALGI,19,0,0,0.0
130,1_pos_1107,VKLFPVKLFP,10,1,2500,1.0
131,1_pos_1217,SCH,3,1,0,0.0
132,1_pos_1406,LVYIIQGR,8,1,2500,1.0
133,1_pos_400,IIGATNPAESAPGTIR,16,1,2500,1.0
134,1_pos_1388,KLSDW,5,1,0,0.0
135,1_pos_1115,LWI,3,1,0,0.0
136,0_neg_777,GRDAYIADSENCTYT,15,0,425,0.17
137,1_pos_21,AQGTFLQPHQ,10,1,2500,1.0
138,1_pos_471,EDIVCW,6,1,0,0.0
139,1_pos_52,YLG,3,1,0,0.0
140,1_pos_1055,LGPVRGPFPI,10,1,2500,1.0
141,1_pos_803,IPAVFK,6,1,0,0.0
142,1_pos_741,MFAEWQPR,8,1,2500,1.0
143,1_pos_957,FDYDPR,6,1,0,0.0
144,1_pos_1270,GDLAYLDQGHR,11,1,2500,1.0
145,0_neg_1284,QTPQWATGHFM,11,0,827,0.3308
146,0_neg_1302,MFTFAILLLCVQGCLIQ,17,0,867,0.3468
147,0_neg_297,APSMGFQGMR,10,0,2263,0.9052
148,1_pos_384,LSGYGP,6,1,0,0.0
149,1_pos_543,TSKT,4,1,0,0.0
150,0_neg_213,VTLDVED,7,0,2500,1.0
151,1_pos_594,QIESW,5,1,0,0.0
152,0_neg_647,LPRHTLHCVAYHGYCFHSKV,20,0,0,0.0
153,0_neg_85,ADSRNPLEEEFRETNYEEF,19,0,0,0.0
154,1_pos_721,PGAEGAPGRDGAAGPK,16,1,2500,1.0
155,1_pos_1344,LVNPHDHQN,9,1,2500,1.0
156,1_pos_1177,PW,2,1,0,0.0
157,1_pos_1455,YNY,3,1,0,0.0
158,0_neg_869,VIGGDECNINEHPFLVLVYY,20,0,0,0.0
159,0_neg_947,VIGGSDTTIGQYPHQLSLR,19,0,0,0.0
160,1_pos_1340,QDAHVPDNFIPK,12,1,2500,1.0
161,1_pos_201,WLLYLDGPPMGLT,13,1,2500,1.0
162,0_neg_1213,ATSAAQGAALDESVRKVLKP,20,0,0,0.0
163,1_pos_750,DDLPR,5,1,0,0.0
164,0_neg_1037,FLGALVNALTRVL,13,0,572,0.2288
165,0_neg_217,DASFHSWG,8,0,1511,0.6044
166,0_neg_746,NYYKKLFGSGTTLVVT,16,0,1306,0.5224
167,0_neg_1315,DPHHDFMRF,9,0,710,0.284
168,0_neg_327,SDRELHRSKAAYFF,14,0,432,0.1728
169,0_neg_542,VNDGYLDNGLQEGDFE,16,0,1240,0.496
170,0_neg_92,SNTSHQDFHSFYGTNLMIGG,20,0,0,0.0
171,0_neg_615,QVNFTPSW,8,0,1474,0.5896
172,1_pos_1391,PWG,3,1,0,0.0
173,1_pos_779,GSPGPQGPPGSIGPQ,15,1,2500,1.0
174,0_neg_562,SLLSLIRKLIT,11,0,876,0.3504
175,0_neg_596,ISALFDEYEPLNDAD,15,0,345,0.138
176,0_neg_1099,FEDGKKVRFFKSNKETIK,18,0,387,0.1548
177,0_neg_77,AGFVLKGYTKTSQ,13,0,579,0.2316
178,0_neg_24,NQDCLSDWSFYEQYCYKVF,19,0,0,0.0
179,0_neg_380,EPPPWVPV,8,0,1507,0.6028
180,1_pos_357,IYIEQGNGITGM,12,1,2500,1.0
181,0_neg_1263,QGPSPRHPIPP,11,0,804,0.3216
182,1_pos_284,RWE,3,1,0,0.0
183,1_pos_903,PPK,3,1,0,0.0
184,1_pos_1452,LCPVHRAADL,10,1,2500,1.0
185,0_neg_586,QKKDKKDR,8,0,1470,0.588
186,1_pos_1086,YQQPVLGPVRGPFPIIV,17,1,2500,1.0
187,1_pos_390,GFFKWHPRCGEEHSMWT,17,1,2500,1.0
188,1_pos_84,GDMNP,5,1,0,0.0
189,0_neg_19,GPIPWQRRI,9,0,728,0.2912
190,0_neg_1517,QLTFTPNWGT,10,0,2285,0.914
191,0_neg_1513,SVDMVMKGIKLWPL,14,0,385,0.154
192,1_pos_139,VYY,3,1,0,0.0
193,0_neg_1212,ITCLSDINSK,10,0,2270,0.908
194,1_pos_1469,INYW,4,1,0,0.0
195,0_neg_420,VPPGFTPF,8,0,1508,0.6032
196,0_neg_1124,FLGKKVLKAVGKQAAKKQME,20,0,0,0.0
197,0_neg_1468,MVPYRNPRHQHVASVLRSGG,20,0,0,0.0
198,1_pos_1170,KALNEINQF,9,1,2500,1.0
199,1_pos_80,YNI,3,1,0,0.0
200,1_pos_1352,QITEGEDGGG,10,1,2500,1.0
201,0_neg_991,LLPLVGNLLNDLL,13,0,559,0.2236
202,1_pos_1291,PSHDAHPE,8,1,2500,1.0
203,0_neg_752,MPGLDSPAAVRRAAMDLLAR,20,0,0,0.0
204,1_pos_896,DYDD,4,1,0,0.0
205,0_neg_999,DKNKKPIWMAGFPGFTPIR,19,0,0,0.0
206,0_neg_1328,TETTEGDFIAEGGGVR,16,0,1240,0.496
207,1_pos_1375,MVPYPQR,7,1,1402,0.5608
208,0_neg_191,LGSPFGGFDTLGSNR,15,0,391,0.1564
209,1_pos_41,AEYVRLY,7,1,1328,0.5312
210,1_pos_700,CHI,3,1,0,0.0
211,1_pos_1275,PHHADS,6,1,0,0.0
212,1_pos_187,PC,2,1,0,0.0
213,0_neg_56,FDKNQPWGVIRDLNVVNFKR,20,0,0,0.0
214,0_neg_389,GAVPAAQFSPRL,12,0,1667,0.6668
215,0_neg_176,GLGSLVGNALRIGAKLL,17,0,907,0.3628
216,1_pos_305,PPQ,3,1,0,0.0
217,0_neg_789,QPDPNAFYGLM,11,0,834,0.3336
218,0_neg_975,FLSLIPHAINAISAIANHF,19,0,0,0.0
219,1_pos_696,HVCYMF,6,1,0,0.0
220,0_neg_1353,QGGPPRPQIPP,11,0,793,0.3172
221,1_pos_1407,VEGGLS,6,1,0,0.0
222,1_pos_1125,QYP,3,1,0,0.0
223,1_pos_958,LNGDVW,6,1,0,0.0
224,1_pos_268,DQAKAFLEKDNK,12,1,2500,1.0
225,1_pos_1231,HDH,3,1,0,0.0
226,0_neg_185,FLPIPRPILLGLL,13,0,591,0.2364
227,1_pos_1129,GVPY,4,1,0,0.0
228,1_pos_277,RW,2,1,0,0.0
229,1_pos_538,YTY,3,1,0,0.0
230,1_pos_1045,MILMR,5,1,0,0.0
231,0_neg_912,LGSLDEYAR,9,0,754,0.3016
232,0_neg_432,ESIASFQGVLDGKYD,15,0,342,0.1368
233,1_pos_773,ALGGA,5,1,0,0.0
234,0_neg_646,CYFNNCPVG,9,0,736,0.2944
235,0_neg_1443,ATQRLPPLSTEPNR,14,0,420,0.168
236,0_neg_262,CRQSCSFGPLTFVCDGNTK,19,0,0,0.0
237,1_pos_1349,DEQIPSHPPR,10,1,2500,1.0
238,1_pos_433,FY,2,1,0,0.0
239,0_neg_1169,CSTCLDKP,8,0,1535,0.614
240,1_pos_1056,YYPFKGFA,8,1,2500,1.0
241,0_neg_1201,NCCPIDEESCCS,12,0,1653,0.6612
242,1_pos_783,LY,2,1,0,0.0
243,1_pos_176,YASVV,5,1,0,0.0
244,0_neg_12,GNVAELTEVR,10,0,2264,0.9056
245,0_neg_1494,VGQDATISFK,10,0,2258,0.9032
246,0_neg_725,MIEIRFHGRGGQGAV,15,0,343,0.1372
247,0_neg_512,PKDSMLLLQVPVY,13,0,589,0.2356
248,0_neg_1151,YAIVARPRF,9,0,753,0.3012
249,1_pos_1244,CSQAPLA,7,1,1401,0.5604
250,0_neg_978,GKPFYPPPIYPEDM,14,0,432,0.1728
251,0_neg_46,WLRMASGLTDYR,12,0,1661,0.6644
252,1_pos_841,LEEAF,5,1,0,0.0
253,1_pos_703,KAVPYPQ,7,1,1423,0.5692
254,0_neg_340,EGCCSNPPCRHTHPEVC,17,0,934,0.3736
255,0_neg_1490,LSAGPNGGSIAKLSVK,16,0,1232,0.4928
256,0_neg_960,DMDDFGLGDFDDGR,14,0,406,0.1624
257,0_neg_282,CFPGNCPDS,9,0,728,0.2912
258,1_pos_756,LEQQVDDLEGSLEQEKK,17,1,2500,1.0
259,0_neg_413,EVRPFPEVYERIA,13,0,567,0.2268
260,0_neg_462,FIGGIISFIKKLF,13,0,588,0.2352
261,0_neg_1239,MARIAGVNIPTGKRVPI,17,0,941,0.3764
262,1_pos_1420,AGGF,4,1,0,0.0
263,0_neg_1521,IRCTGSKECYSPSY,14,0,409,0.1636
264,1_pos_918,KFPE,4,1,0,0.0
265,0_neg_1247,APYQKRNI,8,0,1511,0.6044
266,0_neg_1466,GVIDAAKKVVNVLKNLF,17,0,918,0.3672
267,0_neg_164,TPQQDFMRF,9,0,740,0.296
268,1_pos_861,APSFSDIPNPIGSENSE,17,1,2500,1.0
269,1_pos_1174,FIKK,4,1,0,0.0
270,0_neg_1240,SGETSGEGNGMWFGPRL,17,0,887,0.3548
271,1_pos_781,LFSPR,5,1,0,0.0
272,0_neg_1367,GMWSKILGHLIR,12,0,1670,0.668
273,0_neg_493,ELVSNASDALDKLR,14,0,402,0.1608
274,1_pos_891,VLSLSQSKVLPVPQK,15,1,2500,1.0
275,0_neg_1384,AGLLDILGL,9,0,725,0.29
276,1_pos_1079,YIPIQY,6,1,0,0.0
277,0_neg_1119,IWSGIQGAF,9,0,728,0.2912
278,1_pos_1312,KILIYG,6,1,0,0.0
279,1_pos_867,EAPLNPKA,8,1,2500,1.0
280,0_neg_484,EYDDMYTEKRPKVYAFGL,18,0,441,0.1764
281,1_pos_422,QCH,3,1,0,0.0
282,1_pos_30,PWI,3,1,0,0.0
283,1_pos_1017,NKGPR,5,1,0,0.0
284,0_neg_763,AVPAVRKTNETLD,13,0,585,0.234
285,1_pos_1190,IGINAENNQRN,11,1,2500,1.0
286,1_pos_1133,QFLLAGR,7,1,1408,0.5632
287,1_pos_851,TTYY,4,1,0,0.0
288,0_neg_1318,GECCTDCAQTAAANYC,16,0,1271,0.5084
289,1_pos_1268,QTVAVGVIK,9,1,2500,1.0
290,1_pos_890,NFHPQ,5,1,0,0.0
291,1_pos_1357,IYVFVR,6,1,0,0.0
292,0_neg_1228,YEDAYALQYCPR,12,0,1681,0.6724
293,1_pos_751,HHPL,4,1,0,0.0
294,0_neg_64,APPGFTPFR,9,0,693,0.2772
295,0_neg_730,MAIVGTIIKIIKAIIDIFAK,20,0,0,0.0
296,1_pos_1164,LHPH,4,1,0,0.0
297,0_neg_693,GCCGSFACRFGCVPCCV,17,0,885,0.354
298,0_neg_196,QGGWPRNPIPP,11,0,867,0.3468
299,1_pos_1459,AWEEREQGSR,10,1,2500,1.0
300,1_pos_233,PHL,3,1,0,0.0
301,1_pos_849,LHF,3,1,0,0.0
