replicate,row_index,header,sequence,length,label,source
0,209,1_pos_41,AEYVRLY,7,1,published_independent_test
0,93,1_pos_1201,WYSLAMA,7,1,published_independent_test
0,17,1_pos_1430,NWDDMEK,7,1,published_independent_test
0,286,1_pos_1133,QFLLAGR,7,1,published_independent_test
0,249,1_pos_1244,CSQAPLA,7,1,published_independent_test
0,15,0_neg_114,FGVLNFF,7,0,published_independent_test
0,40,0_neg_1267,STEQEDP,7,0,published_independent_test
0,29,0_neg_543,QSAREQG,7,0,published_independent_test
0,90,0_neg_139,AQSFLRL,7,0,published_independent_test
0,150,0_neg_213,VTLDVED,7,0,published_independent_test
0,142,1_pos_741,MFAEWQPR,8,1,published_independent_test
0,202,1_pos_1291,PSHDAHPE,8,1,published_independent_test
0,132,1_pos_1406,LVYIIQGR,8,1,published_independent_test
0,118,1_pos_383,RDRHQKIG,8,1,published_independent_test
0,240,1_pos_1056,YYPFKGFA,8,1,published_independent_test
0,279,1_pos_867,EAPLNPKA,8,1,published_independent_test
0,171,0_neg_615,QVNFTPSW,8,0,published_independent_test
0,179,0_neg_380,EPPPWVPV,8,0,published_independent_test
0,265,0_neg_1247,APYQKRNI,8,0,published_independent_test
0,185,0_neg_586,QKKDKKDR,8,0,published_independent_test
0,195,0_neg_420,VPPGFTPF,8,0,published_independent_test
0,52,0_neg_1046,VRPYLVAF,8,0,published_independent_test
0,54,1_pos_613,LPTSEAAKY,9,1,published_independent_test
0,289,1_pos_1268,QTVAVGVIK,9,1,published_independent_test
0,9,1_pos_219,GEPGPPGAP,9,1,published_independent_test
0,155,1_pos_1344,LVNPHDHQN,9,1,published_independent_test
0,198,1_pos_1170,KALNEINQF,9,1,published_independent_test
0,231,0_neg_912,LGSLDEYAR,9,0,published_independent_test
0,275,0_neg_1384,AGLLDILGL,9,0,published_independent_test
0,277,0_neg_1119,IWSGIQGAF,9,0,published_independent_test
0,113,0_neg_669,AAGQDFMRF,9,0,published_independent_test
0,189,0_neg_19,GPIPWQRRI,9,0,published_independent_test
0,137,1_pos_21,AQGTFLQPHQ,10,1,published_independent_test
0,55,1_pos_1338,PEILPDGDHD,10,1,published_independent_test
0,299,1_pos_1459,AWEEREQGSR,10,1,published_independent_test
0,130,1_pos_1107,VKLFPVKLFP,10,1,published_independent_test
0,103,1_pos_1101,RENIDKPSRA,10,1,published_independent_test
0,184,1_pos_1452,LCPVHRAADL,10,1,published_independent_test
0,58,1_pos_103,VEVGGGARAP,10,1,published_independent_test
0,237,1_pos_1349,DEQIPSHPPR,10,1,published_independent_test
0,140,1_pos_1055,LGPVRGPFPI,10,1,published_independent_test
0,200,1_pos_1352,QITEGEDGGG,10,1,published_independent_test
0,193,0_neg_1212,ITCLSDINSK,10,0,published_independent_test
0,244,0_neg_12,GNVAELTEVR,10,0,published_independent_test
0,245,0_neg_1494,VGQDATISFK,10,0,published_independent_test
0,20,0_neg_488,GPSMGFHGMR,10,0,published_independent_test
0,42,0_neg_175,GAVSGLLTNL,10,0,published_independent_test
0,147,0_neg_297,APSMGFQGMR,10,0,published_independent_test
0,13,0_neg_410,QHWSHGWYPG,10,0,published_independent_test
0,0,0_neg_519,APSLGFHGVR,10,0,published_independent_test
0,70,0_neg_1004,QHWSYGWLPG,10,0,published_independent_test
0,117,0_neg_169,PSPPGFSPFR,10,0,published_independent_test
0,144,1_pos_1270,GDLAYLDQGHR,11,1,published_independent_test
0,285,1_pos_1190,IGINAENNQRN,11,1,published_independent_test
0,100,1_pos_482,IVQNNDSTEYG,11,1,published_independent_test
0,217,0_neg_789,QPDPNAFYGLM,11,0,published_independent_test
0,145,0_neg_1284,QTPQWATGHFM,11,0,published_independent_test
0,298,0_neg_196,QGGWPRNPIPP,11,0,published_independent_test
0,224,1_pos_268,DQAKAFLEKDNK,12,1,published_independent_test
0,22,1_pos_45,SLVYPFPGPIPN,12,1,published_independent_test
0,26,1_pos_1411,LTSGSANATGSR,12,1,published_independent_test
0,160,1_pos_1340,QDAHVPDNFIPK,12,1,published_independent_test
0,180,1_pos_357,IYIEQGNGITGM,12,1,published_independent_test
0,23,1_pos_333,AAPFPGQKSLQR,12,1,published_independent_test
0,61,0_neg_987,EDDLEDFNPTIA,12,0,published_independent_test
0,214,0_neg_389,GAVPAAQFSPRL,12,0,published_independent_test
0,292,0_neg_1228,YEDAYALQYCPR,12,0,published_independent_test
0,251,0_neg_46,WLRMASGLTDYR,12,0,published_independent_test
0,102,0_neg_76,INKYREWKNKKN,12,0,published_independent_test
0,272,0_neg_1367,GMWSKILGHLIR,12,0,published_independent_test
0,110,1_pos_216,GTVFEKKALPGPM,13,1,published_independent_test
0,161,1_pos_201,WLLYLDGPPMGLT,13,1,published_independent_test
0,107,1_pos_386,QQPVLGPVRGPFP,13,1,published_independent_test
0,35,0_neg_1260,DAQEKRQPWIPFV,13,0,published_independent_test
0,114,0_neg_684,IPLDPVAGYKEPA,13,0,published_independent_test
0,201,0_neg_991,LLPLVGNLLNDLL,13,0,published_independent_test
0,53,1_pos_147,AGAPDERGPGPAAR,14,1,published_independent_test
0,71,1_pos_832,GKHQQEEENEGGSI,14,1,published_independent_test
0,263,0_neg_1521,IRCTGSKECYSPSY,14,0,published_independent_test
0,30,0_neg_858,MSSSHIFIGETIGT,14,0,published_independent_test
0,173,1_pos_779,GSPGPQGPPGSIGPQ,15,1,published_independent_test
0,274,1_pos_891,VLSLSQSKVLPVPQK,15,1,published_independent_test
0,208,0_neg_191,LGSPFGGFDTLGSNR,15,0,published_independent_test
0,18,0_neg_584,VQPPHSHGDNFYIWT,15,0,published_independent_test
0,133,1_pos_400,IIGATNPAESAPGTIR,16,1,published_independent_test
0,31,1_pos_602,QQPVLGPVRGPFPIIV,16,1,published_independent_test
0,154,1_pos_721,PGAEGAPGRDGAAGPK,16,1,published_independent_test
0,125,1_pos_1158,PGEKGSPGADGPIGAP,16,1,published_independent_test
0,28,0_neg_328,QVSLKYPEGKMYSFGL,16,0,published_independent_test
0,48,0_neg_610,GALVAAYGLYDGFLTL,16,0,published_independent_test
0,166,0_neg_746,NYYKKLFGSGTTLVVT,16,0,published_independent_test
0,255,0_neg_1490,LSAGPNGGSIAKLSVK,16,0,published_independent_test
0,187,1_pos_390,GFFKWHPRCGEEHSMWT,17,1,published_independent_test
0,268,1_pos_861,APSFSDIPNPIGSENSE,17,1,published_independent_test
0,258,1_pos_756,LEQQVDDLEGSLEQEKK,17,1,published_independent_test
0,186,1_pos_1086,YQQPVLGPVRGPFPIIV,17,1,published_independent_test
0,254,0_neg_340,EGCCSNPPCRHTHPEVC,17,0,published_independent_test
0,43,0_neg_1525,AVTSSVADTTTVVRDDF,17,0,published_independent_test
0,47,0_neg_1048,GVLDAFRKIATVVKNLV,17,0,published_independent_test
0,270,0_neg_1240,SGETSGEGNGMWFGPRL,17,0,published_independent_test
0,96,1_pos_119,REGGGGGYGGGGGGYGGR,18,1,published_independent_test
0,39,0_neg_896,RSVCSNGCRPKPFGGCSC,18,0,published_independent_test
