seed,fold,model,n,positive,negative,AUC,AUPRC,ACC,Balanced_ACC,F1,Precision,Recall,Sensitivity,Specificity,MCC,Brier,LogLoss,TN,FP,FN,TP
42,1,Molecular branch,545,282,263,0.9713480570611871,0.9754272214882274,0.9119266055045872,0.912331796240865,0.9136690647482014,0.927007299270073,0.900709219858156,0.900709219858156,0.9239543726235742,0.8241747844035803,0.07678887593626181,0.4522707755016626,243,20,28,254
42,1,Contextual branch,545,282,263,0.9786155381171966,0.9807241718766762,0.9229357798165138,0.9227139120351644,0.9257950530035336,0.9225352112676056,0.9290780141843972,0.9290780141843972,0.9163498098859315,0.8456673075046485,0.06340356975707645,0.32031848845669825,241,22,20,262
42,1,Equal probability mean,545,282,263,0.982256020278834,0.984644109915511,0.9339449541284404,0.9342488471806487,0.9354838709677419,0.9456521739130435,0.925531914893617,0.925531914893617,0.9429657794676806,0.8680413570007427,0.05268100233705926,0.20979245091964607,248,15,21,261
42,1,Equal logit mean,545,282,263,0.9849526737318987,0.9864351714049806,0.9339449541284404,0.9342488471806487,0.9354838709677419,0.9456521739130435,0.925531914893617,0.925531914893617,0.9429657794676806,0.8680413570007427,0.0551949289970307,0.2628344947084041,248,15,21,261
42,1,Learned convex probability mean,545,282,263,0.9824582692878138,0.9847117145557494,0.9247706422018349,0.9247431437585956,0.9271758436944938,0.9288256227758007,0.925531914893617,0.925531914893617,0.9239543726235742,0.8493832216214141,0.0541389715479544,0.2092346007579693,243,20,21,261
42,1,Nested logistic fusion,545,282,263,0.9842245772995711,0.9857948038182103,0.9357798165137615,0.9357657147479977,0.9378330373001776,0.9395017793594306,0.9361702127659575,0.9361702127659575,0.935361216730038,0.8714256889221936,0.04906949391339536,0.16551553336976968,246,17,18,264
42,1,Feature concatenation LR,545,282,263,0.9834290645309172,0.984536028922004,0.926605504587156,0.9258757382088827,0.9303135888501742,0.9143835616438356,0.9468085106382979,0.9468085106382979,0.9049429657794676,0.8534216128326692,0.054311383660922675,0.20457726890707711,238,25,15,267
42,2,Molecular branch,556,267,289,0.9532807174422975,0.9571981474700018,0.8848920863309353,0.882003032541503,0.8709677419354839,0.9432314410480349,0.8089887640449438,0.8089887640449438,0.9550173010380623,0.7755498904032888,0.10208395530141984,0.7043208038364731,276,13,51,216
42,2,Contextual branch,556,267,289,0.9802625610720164,0.979737118502826,0.9190647482014388,0.9174410015162708,0.9122807017543859,0.9512195121951219,0.8764044943820225,0.8764044943820225,0.9584775086505191,0.8398104047095455,0.07049370991429972,0.3159140007444263,277,12,33,234
42,2,Equal probability mean,556,267,289,0.9738734885890906,0.9750306370235806,0.9190647482014388,0.9167282246672628,0.9105367793240556,0.9703389830508474,0.8576779026217228,0.8576779026217228,0.9757785467128027,0.84247393437777,0.06987888183352231,0.32173757027268507,282,7,38,229
42,2,Equal logit mean,556,267,289,0.9778261602063165,0.9781088207466636,0.9190647482014388,0.9167282246672628,0.9105367793240556,0.9703389830508474,0.8576779026217228,0.8576779026217228,0.9757785467128027,0.84247393437777,0.06991204594627233,0.4043054191128504,282,7,38,229
42,2,Learned convex probability mean,556,267,289,0.9754156784987623,0.9763492431242125,0.9154676258992805,0.9134105724246077,0.9072978303747534,0.9583333333333334,0.8614232209737828,0.8614232209737828,0.9653979238754326,0.8340017549342359,0.06636082341390896,0.3046460167195186,279,10,37,230
42,2,Nested logistic fusion,556,267,289,0.9810660549745345,0.9810350540203203,0.9298561151079137,0.9279641797234426,0.9233791748526523,0.9710743801652892,0.8801498127340824,0.8801498127340824,0.9757785467128027,0.8625205697686613,0.05616156425360307,0.1890882587502727,282,7,32,235
42,2,Feature concatenation LR,556,267,289,0.9833728600495055,0.9839566942240098,0.935251798561151,0.933724712621334,0.9299610894941635,0.9676113360323887,0.8951310861423221,0.8951310861423221,0.972318339100346,0.8722098749074163,0.05386095086236059,0.23272507329751038,281,8,28,239
42,3,Molecular branch,554,272,282,0.9669378389653734,0.9705810719145763,0.9043321299638989,0.9042683562786817,0.9023941068139963,0.9040590405904059,0.9007352941176471,0.9007352941176471,0.9078014184397163,0.8085946942828799,0.08701891966681083,0.5739021401671477,256,26,27,245
42,3,Contextual branch,554,272,282,0.9820739465999166,0.9825193385497687,0.9205776173285198,0.9206821026282854,0.9197080291970803,0.9130434782608695,0.9264705882352942,0.9264705882352942,0.9148936170212766,0.8412326084456841,0.06774917822609904,0.2937458792480981,258,24,20,252
42,3,Equal probability mean,554,272,282,0.9826606174384648,0.9836407091585115,0.9314079422382672,0.9310596579057155,0.9288389513108615,0.9465648854961832,0.9117647058823529,0.9117647058823529,0.950354609929078,0.8632454747101661,0.0566384873469075,0.19488647165784184,268,14,24,248
42,3,Equal logit mean,554,272,282,0.9843554443053817,0.9851003557665176,0.9314079422382672,0.9310596579057155,0.9288389513108615,0.9465648854961832,0.9117647058823529,0.9117647058823529,0.950354609929078,0.8632454747101661,0.06160878173183911,0.27751494326549353,268,14,24,248
42,3,Learned convex probability mean,554,272,282,0.9833124739257405,0.9840875790749523,0.9205776173285198,0.9206169169795578,0.9194139194139194,0.916058394160584,0.9227941176470589,0.9227941176470589,0.9184397163120568,0.841146109485864,0.057142324234892565,0.19547444667389935,259,23,21,251
42,3,Nested logistic fusion,554,272,282,0.9860893825615352,0.986441703291401,0.9259927797833934,0.9259360659157281,0.9244935543278084,0.9261992619926199,0.9227941176470589,0.9227941176470589,0.9290780141843972,0.8519332212233858,0.05104212402711882,0.1553104634518703,262,20,21,251
42,3,Feature concatenation LR,554,272,282,0.9851507092198581,0.9852167201406213,0.924187725631769,0.9244237588652482,0.9239130434782609,0.9107142857142857,0.9375,0.9375,0.9113475177304965,0.848758999296789,0.054597224610701725,0.1893972860986496,257,25,17,255
42,4,Molecular branch,528,299,229,0.9669349067488426,0.975483626551703,0.8901515151515151,0.8907420659841392,0.9013605442176871,0.916955017301038,0.8862876254180602,0.8862876254180602,0.8951965065502183,0.7780824640799868,0.0961426955917355,0.5282409931747222,205,24,34,265
42,4,Contextual branch,528,299,229,0.9785310569438157,0.9831388825102796,0.9090909090909091,0.9079756393217566,0.9194630872483222,0.9225589225589226,0.9163879598662207,0.9163879598662207,0.8995633187772926,0.8151421453024773,0.07036403065818607,0.28886144979063627,206,23,25,274
42,4,Equal probability mean,528,299,229,0.9796702253508784,0.9854832353838742,0.9128787878787878,0.914387112792277,0.9215017064846417,0.9407665505226481,0.903010033444816,0.903010033444816,0.925764192139738,0.8245938700469376,0.060554051864445166,0.2029082206083715,212,17,29,270
42,4,Equal logit mean,528,299,229,0.9840954564706226,0.9881943058727342,0.9128787878787878,0.914387112792277,0.9215017064846417,0.9407665505226481,0.903010033444816,0.903010033444816,0.925764192139738,0.8245938700469376,0.06586283359792897,0.2563722150026345,212,17,29,270
42,4,Learned convex probability mean,528,299,229,0.9805903229104292,0.9859901700651448,0.9166666666666666,0.9151757678433206,0.9264214046822743,0.9264214046822743,0.9264214046822743,0.9264214046822743,0.9039301310043668,0.8303515356866411,0.06042640785362993,0.19974946586921621,207,22,22,277
42,4,Nested logistic fusion,528,299,229,0.983642710052431,0.9877965882189327,0.9185606060606061,0.9168480086459961,0.9282136894824707,0.9266666666666666,0.9297658862876255,0.9297658862876255,0.9039301310043668,0.8341285981734942,0.052552053891768154,0.1627168614629752,207,22,21,278
42,4,Feature concatenation LR,528,299,229,0.986461421623753,0.9899334501040032,0.9261363636363636,0.9255816331001446,0.934453781512605,0.9391891891891891,0.9297658862876255,0.9297658862876255,0.9213973799126638,0.8499166941709156,0.05002814898433073,0.15689649299802974,211,18,21,278
42,5,Molecular branch,552,239,313,0.9682115310064566,0.9664168418197334,0.9166666666666666,0.9146470250110283,0.9033613445378151,0.9071729957805907,0.899581589958159,0.899581589958159,0.9297124600638977,0.8301378555206474,0.07390557733841477,0.47864746557274923,291,22,24,215
42,5,Contextual branch,552,239,313,0.9836111593834802,0.9806381771384611,0.9184782608695652,0.921685136417715,0.9094567404426559,0.875968992248062,0.9456066945606695,0.9456066945606695,0.8977635782747604,0.8375406409095463,0.0620465532206945,0.2781699933181375,281,32,13,226
42,5,Equal probability mean,552,239,313,0.9828224631384763,0.9815270495831103,0.9293478260869565,0.9278075581162191,0.9182389937106918,0.9201680672268907,0.9163179916317992,0.9163179916317992,0.939297124600639,0.8560443503053666,0.05196212436303962,0.19597469800123737,294,19,20,219
42,5,Equal logit mean,552,239,313,0.983998823639499,0.9824434305538164,0.9293478260869565,0.9278075581162191,0.9182389937106918,0.9201680672268907,0.9163179916317992,0.9163179916317992,0.939297124600639,0.8560443503053666,0.05844050190474891,0.2672549663345798,294,19,20,219
42,5,Learned convex probability mean,552,239,313,0.984399855628484,0.9831155656593858,0.9184782608695652,0.9202013180584705,0.9083503054989817,0.8849206349206349,0.9330543933054394,0.9330543933054394,0.9073482428115016,0.8359833493648913,0.052578324988479204,0.19439357793412507,284,29,16,223
42,5,Nested logistic fusion,552,239,313,0.9852687582712849,0.9837288044604316,0.9221014492753623,0.922901600117636,0.9117043121149897,0.8951612903225806,0.9288702928870293,0.9288702928870293,0.9169329073482428,0.8425153285283655,0.05102711844019586,0.16211890897165024,287,26,17,222
42,5,Feature concatenation LR,552,239,313,0.9871402408865481,0.9856921975183713,0.927536231884058,0.9306615691044956,0.9193548387096774,0.8871595330739299,0.9539748953974896,0.9539748953974896,0.9073482428115016,0.8555781081538645,0.049103607494615356,0.1788740230621403,284,29,11,228
43,1,Molecular branch,555,280,275,0.9574155844155845,0.9617467224028697,0.8810810810810811,0.8813636363636363,0.8782287822878229,0.9083969465648855,0.85,0.85,0.9127272727272727,0.763888870168384,0.10859047049775158,0.690773899427437,251,24,42,238
43,1,Contextual branch,555,280,275,0.9789610389610389,0.9798947931285101,0.9045045045045045,0.904512987012987,0.9051878354203936,0.9068100358422939,0.9035714285714286,0.9035714285714286,0.9054545454545454,0.8090049611829897,0.07113352136717316,0.28177648338069816,249,26,27,253
43,1,Equal probability mean,555,280,275,0.974948051948052,0.9781845684297962,0.9117117117117117,0.9120454545454546,0.9090909090909091,0.9459459459459459,0.875,0.875,0.9490909090909091,0.8258948315174717,0.06878272735062545,0.24645030418494332,261,14,35,245
43,1,Equal logit mean,555,280,275,0.9780649350649351,0.9800252023302901,0.9117117117117117,0.9120454545454546,0.9090909090909091,0.9459459459459459,0.875,0.875,0.9490909090909091,0.8258948315174717,0.07481024114902246,0.3387167545993911,261,14,35,245
43,1,Learned convex probability mean,555,280,275,0.9779350649350649,0.9807429766364453,0.9099099099099099,0.9099350649350649,0.910394265232975,0.9136690647482014,0.9071428571428571,0.9071428571428571,0.9127272727272727,0.819838188744734,0.06466127545123489,0.22954648812074185,251,24,26,254
43,1,Nested logistic fusion,555,280,275,0.9816103896103896,0.9831003461120552,0.9117117117117117,0.9117857142857143,0.9117117117117117,0.92,0.9035714285714286,0.9035714285714286,0.92,0.8235714285714286,0.056678344221340264,0.17580550310574453,253,22,27,253
43,1,Feature concatenation LR,555,280,275,0.9826493506493506,0.9833596693854206,0.9117117117117117,0.9116558441558441,0.9129662522202486,0.9081272084805654,0.9178571428571428,0.9178571428571428,0.9054545454545454,0.8234400266286942,0.06018891882885611,0.20165334678834146,249,26,23,257
43,2,Molecular branch,539,269,270,0.9438661710037176,0.9500316315669138,0.8645640074211502,0.8645187938868236,0.8609523809523809,0.8828125,0.8401486988847584,0.8401486988847584,0.8888888888888888,0.7299527380506464,0.12115554716623379,0.8426548883320454,240,30,43,226
43,2,Contextual branch,539,269,270,0.9703841387856258,0.9718481099207142,0.8979591836734694,0.8979485061269448,0.897196261682243,0.9022556390977443,0.8921933085501859,0.8921933085501859,0.9037037037037037,0.7959627698457937,0.08559563378907127,0.40579869482367487,244,26,29,240
43,2,Equal probability mean,539,269,270,0.963885446785075,0.9678745613556302,0.9016697588126159,0.90161778879251,0.8986615678776291,0.9251968503937008,0.8736059479553904,0.8736059479553904,0.9296296296296296,0.804565989391272,0.08310660181064779,0.3842416842996405,251,19,34,235
43,2,Equal logit mean,539,269,270,0.968277571251549,0.9705476300964252,0.9016697588126159,0.90161778879251,0.8986615678776291,0.9251968503937008,0.8736059479553904,0.8736059479553904,0.9296296296296296,0.804565989391272,0.08720388025419212,0.4911013897704379,251,19,34,235
43,2,Learned convex probability mean,539,269,270,0.965826793336087,0.9695141172428197,0.9053803339517625,0.9053559135343522,0.903954802259887,0.916030534351145,0.8921933085501859,0.8921933085501859,0.9185185185185185,0.8110245499981441,0.07931945745020698,0.36782036391547773,248,22,29,240
43,2,Nested logistic fusion,539,269,270,0.9718160539721878,0.9735362418597,0.8998144712430427,0.8997797053559136,0.8977272727272727,0.915057915057915,0.8810408921933085,0.8810408921933085,0.9185185185185185,0.8001655759677704,0.07203766009167799,0.23690272667408172,248,22,32,237
43,2,Feature concatenation LR,539,269,270,0.9731378218367065,0.9760956401012395,0.9072356215213359,0.9072284180090872,0.9067164179104478,0.9101123595505618,0.9033457249070632,0.9033457249070632,0.9111111111111111,0.8144904794424412,0.06988506587643546,0.2940467448477575,246,24,26,243
43,3,Molecular branch,513,259,254,0.9736266074848752,0.9763310984305843,0.9239766081871345,0.9237983765542821,0.9259962049335864,0.9104477611940298,0.9420849420849421,0.9420849420849421,0.905511811023622,0.8484096224709338,0.06808807346819279,0.4251456933903385,230,24,15,244
43,3,Contextual branch,513,259,254,0.9808925911288116,0.98354885825832,0.9239766081871345,0.9237983765542821,0.9259962049335864,0.9104477611940298,0.9420849420849421,0.9420849420849421,0.905511811023622,0.8484096224709338,0.06038903216585817,0.2923075245794837,230,24,15,244
43,3,Equal probability mean,513,259,254,0.9872161250114007,0.9889215075180492,0.9395711500974658,0.939622412063357,0.9398058252427185,0.9453125,0.9343629343629344,0.9343629343629344,0.9448818897637795,0.8792047311881627,0.045013608810956625,0.14818826320510625,240,14,17,242
43,3,Equal logit mean,513,259,254,0.9873073298270149,0.9889265592502587,0.9395711500974658,0.939622412063357,0.9398058252427185,0.9453125,0.9343629343629344,0.9343629343629344,0.9448818897637795,0.8792047311881627,0.04700193954835112,0.20728554965241922,240,14,17,242
43,3,Learned convex probability mean,513,259,254,0.9867753017359318,0.9884674649053203,0.935672514619883,0.9356094001763293,0.9366602687140115,0.9312977099236641,0.9420849420849421,0.9420849420849421,0.9291338582677166,0.8713777625484261,0.047390046480479876,0.15588157788511794,236,18,15,244
43,3,Nested logistic fusion,513,259,254,0.9867296993281246,0.9888113883433274,0.9473684210526315,0.9472684157723528,0.9483747609942639,0.9393939393939394,0.9575289575289575,0.9575289575289575,0.937007874015748,0.894876967389581,0.04455449562930352,0.15021529678419046,238,16,11,248
43,3,Feature concatenation LR,513,259,254,0.9868817073541484,0.9889656390652384,0.9317738791423001,0.9315583862827957,0.9338374291115312,0.9148148148148149,0.9536679536679536,0.9536679536679536,0.9094488188976378,0.8642736603420735,0.04621209829586029,0.17508061864317773,231,23,12,247
43,4,Molecular branch,533,266,267,0.9705584185182055,0.974349504990351,0.9099437148217636,0.9098800371715806,0.9066147859922179,0.9395161290322581,0.8759398496240601,0.8759398496240601,0.9438202247191011,0.8217409714907484,0.07912136979442048,0.5067090485959809,252,15,33,233
43,4,Contextual branch,533,266,267,0.9797949931007294,0.9800711774012514,0.924953095684803,0.924938751372814,0.9242424242424242,0.9312977099236641,0.9172932330827067,0.9172932330827067,0.9325842696629213,0.849997192002597,0.06445814651968748,0.30589751306333307,249,18,22,244
43,4,Equal probability mean,533,266,267,0.9791191461800569,0.9807661777260585,0.9287054409005628,0.9286488693644224,0.9263565891472868,0.956,0.8984962406015038,0.8984962406015038,0.9588014981273408,0.8589441082939604,0.0583734974460125,0.2581761830028349,256,11,27,239
43,4,Equal logit mean,533,266,267,0.981224127735068,0.9828376180473389,0.9287054409005628,0.9286488693644224,0.9263565891472868,0.956,0.8984962406015038,0.8984962406015038,0.9588014981273408,0.8589441082939604,0.06144593870265287,0.31900814610223605,256,11,27,239
43,4,Learned convex probability mean,533,266,267,0.9792881079102249,0.980615824114163,0.9287054409005628,0.9286911097969643,0.928030303030303,0.9351145038167938,0.9210526315789473,0.9210526315789473,0.9363295880149812,0.8575029657490746,0.05780942962863538,0.2517041892835291,250,17,21,245
43,4,Nested logistic fusion,533,266,267,0.9815198107628622,0.9825073769121055,0.9305816135084428,0.9305637689729942,0.9297912713472486,0.9386973180076629,0.9210526315789473,0.9210526315789473,0.9400749063670412,0.8613094675823003,0.0508051921279663,0.17131870025497373,251,16,21,245
43,4,Feature concatenation LR,533,266,267,0.985075047168483,0.9850534422066194,0.9362101313320825,0.9362099067894455,0.9360902255639098,0.9360902255639098,0.9360902255639098,0.9360902255639098,0.9363295880149812,0.8724198135788911,0.04445592832109413,0.17938088736232635,250,17,17,249
43,5,Molecular branch,595,285,310,0.9798415393322014,0.97923848052852,0.9310924369747899,0.9303338992642898,0.9269162210338681,0.9420289855072463,0.9122807017543859,0.9122807017543859,0.9483870967741935,0.8621621417555362,0.05975417719301525,0.36782129708218714,294,16,25,260
43,5,Contextual branch,595,285,310,0.9875155631013015,0.9862708185905812,0.9394957983193277,0.938398415393322,0.935251798561151,0.959409594095941,0.9122807017543859,0.9122807017543859,0.964516129032258,0.8795187406076318,0.05317467583460607,0.2428733135643298,299,11,25,260
43,5,Equal probability mean,595,285,310,0.9906395019807583,0.9894924311693568,0.9411764705882353,0.9398698358800226,0.9367088607594937,0.9664179104477612,0.9087719298245615,0.9087719298245615,0.9709677419354839,0.8833161694668348,0.04018762357146769,0.1433910809324662,301,9,26,259
43,5,Equal logit mean,595,285,310,0.9923599320882852,0.99140007521683,0.9411764705882353,0.9398698358800226,0.9367088607594937,0.9664179104477612,0.9087719298245615,0.9087719298245615,0.9709677419354839,0.8833161694668348,0.04339578159901468,0.1771473824677979,301,9,26,259
43,5,Learned convex probability mean,595,285,310,0.9904470854555744,0.9892924370829904,0.9411764705882353,0.9401528013582343,0.9371633752244165,0.9595588235294118,0.9157894736842105,0.9157894736842105,0.964516129032258,0.8827770410824886,0.04337638671257883,0.14819356353557686,299,11,24,261
43,5,Nested logistic fusion,595,285,310,0.991409168081494,0.9904062182582819,0.9394957983193277,0.9388228636106395,0.9359430604982206,0.9494584837545126,0.9228070175438596,0.9228070175438596,0.9548387096774194,0.8789599265688305,0.03756924155535852,0.12344571000685095,296,14,22,263
43,5,Feature concatenation LR,595,285,310,0.9914204867006225,0.9903956895773427,0.946218487394958,0.9458404074702886,0.9434628975265018,0.9501779359430605,0.9368421052631579,0.9368421052631579,0.9548387096774194,0.8922667625386401,0.0401419192840793,0.13633366241350975,296,14,18,267
44,1,Molecular branch,588,315,273,0.9683935112506541,0.9764584667981236,0.9064625850340136,0.9058608058608059,0.9128367670364501,0.9113924050632911,0.9142857142857143,0.9142857142857143,0.8974358974358975,0.8119246300629852,0.08019180356395038,0.49550762484978067,245,28,27,288
44,1,Contextual branch,588,315,273,0.9794639223210652,0.9838637032680065,0.9251700680272109,0.9245421245421246,0.930379746835443,0.9274447949526814,0.9333333333333333,0.9333333333333333,0.9157509157509157,0.8495190232513868,0.06270374956797742,0.30978639103520894,250,23,21,294
44,1,Equal probability mean,588,315,273,0.9797778940636084,0.9842724925646263,0.9217687074829932,0.9228327228327229,0.9255663430420712,0.9438943894389439,0.9079365079365079,0.9079365079365079,0.9377289377289377,0.8439008836057508,0.05547526060854325,0.2316624992419212,256,17,29,286
44,1,Equal logit mean,588,315,273,0.9821268678411536,0.9860034907363566,0.9217687074829932,0.9228327228327229,0.9255663430420712,0.9438943894389439,0.9079365079365079,0.9079365079365079,0.9377289377289377,0.8439008836057508,0.06047476843015301,0.29931800452975565,256,17,29,286
44,1,Learned convex probability mean,588,315,273,0.9807314378742951,0.9849585626739928,0.9251700680272109,0.9247863247863248,0.9301587301587302,0.9301587301587302,0.9301587301587302,0.9301587301587302,0.9194139194139194,0.8495726495726496,0.05477742715093656,0.22759221906587046,251,22,22,293
44,1,Nested logistic fusion,588,315,273,0.9830222687365544,0.9867592690231347,0.9336734693877551,0.9332112332112332,0.9381933438985737,0.9367088607594937,0.9396825396825397,0.9396825396825397,0.9267399267399268,0.8666391659035714,0.04965027107994988,0.16787069386610007,253,20,19,296
44,1,Feature concatenation LR,588,315,273,0.9820454677597535,0.9861976606359241,0.9268707482993197,0.9261294261294262,0.9320695102685624,0.9276729559748428,0.9365079365079365,0.9365079365079365,0.9157509157509157,0.8529286039160539,0.0564806600959143,0.21989287233711505,250,23,20,295
44,2,Molecular branch,519,243,276,0.977589908749329,0.9785367351694152,0.9171483622350675,0.9149668992664162,0.9087048832271762,0.9385964912280702,0.8806584362139918,0.8806584362139918,0.9492753623188406,0.8344248150787882,0.0664203547331738,0.3349187154383648,262,14,29,214
44,2,Contextual branch,519,243,276,0.9851643108486909,0.9835362539944777,0.9267822736030829,0.9264850599391663,0.9218106995884774,0.9218106995884774,0.9218106995884774,0.9218106995884774,0.9311594202898551,0.8529701198783325,0.05792905670432144,0.22821164555378387,257,19,19,224
44,2,Equal probability mean,519,243,276,0.9869237192103536,0.9865223933651478,0.9383429672447013,0.9361245303274288,0.9319148936170213,0.9647577092511013,0.9012345679012346,0.9012345679012346,0.9710144927536232,0.8773923307382722,0.04795949447474567,0.16359201384241587,268,8,24,219
44,2,Equal logit mean,519,243,276,0.9900101389634401,0.9895010556629829,0.9383429672447013,0.9361245303274288,0.9319148936170213,0.9647577092511013,0.9012345679012346,0.9012345679012346,0.9710144927536232,0.8773923307382722,0.04827106611630724,0.19948719985915064,268,8,24,219
44,2,Learned convex probability mean,519,243,276,0.9871324625752967,0.986446485360158,0.928709055876686,0.928050635176239,0.9233954451345756,0.9291666666666667,0.9176954732510288,0.9176954732510288,0.9384057971014492,0.8567913964382327,0.04987904112757243,0.16292368778731528,259,17,20,223
44,2,Nested logistic fusion,519,243,276,0.9893689986282578,0.9884536641251375,0.9383429672447013,0.9380926820540347,0.934156378600823,0.934156378600823,0.934156378600823,0.934156378600823,0.9420289855072463,0.8761853641080695,0.04247185736757305,0.1362084709481484,260,16,16,227
44,2,Feature concatenation LR,519,243,276,0.9890260631001372,0.987747967522928,0.9402697495183044,0.9399042762569332,0.9360824742268041,0.9380165289256198,0.934156378600823,0.934156378600823,0.9456521739130435,0.8800316460087859,0.04598839945431873,0.1500277411439176,261,15,16,227
44,3,Molecular branch,555,252,303,0.9501414427157001,0.9541995309592919,0.9045045045045045,0.8988488134527739,0.888421052631579,0.9461883408071748,0.8373015873015873,0.8373015873015873,0.9603960396039604,0.8100995880459,0.09165118460778102,0.7502387591032904,291,12,41,211
44,3,Contextual branch,555,252,303,0.9771465241762272,0.9715300974342299,0.918918918918919,0.9153897532610404,0.9075975359342916,0.9404255319148936,0.876984126984127,0.876984126984127,0.9537953795379538,0.8371406659759721,0.07143330157426164,0.37534284672791346,289,14,31,221
44,3,Equal probability mean,555,252,303,0.9771334276284771,0.9760404125750801,0.9099099099099099,0.9041332704699041,0.8945147679324894,0.954954954954955,0.8412698412698413,0.8412698412698413,0.966996699669967,0.8214432811874525,0.06520725426444543,0.29182306061635926,293,10,40,212
44,3,Equal logit mean,555,252,303,0.9775787102519776,0.9766155583377992,0.9099099099099099,0.9041332704699041,0.8945147679324894,0.954954954954955,0.8412698412698413,0.8412698412698413,0.966996699669967,0.8214432811874525,0.0754733706016651,0.44041643275468695,293,10,40,212
44,3,Learned convex probability mean,555,252,303,0.9783252134737284,0.9770641307557486,0.9117117117117117,0.9074532453245325,0.8985507246376812,0.9393939393939394,0.8611111111111112,0.8611111111111112,0.9537953795379538,0.8230967114200488,0.0640417603814352,0.2819566606839452,289,14,35,217
44,3,Nested logistic fusion,555,252,303,0.9816779296977317,0.9795828786872944,0.9207207207207208,0.9167059563099167,0.9090909090909091,0.9482758620689655,0.873015873015873,0.873015873015873,0.9603960396039604,0.8412712258410135,0.059941449930522056,0.20159171943035123,291,12,32,220
44,3,Feature concatenation LR,555,252,303,0.9785609513332285,0.9772451840140182,0.9207207207207208,0.917039918277542,0.9094650205761317,0.9444444444444444,0.876984126984127,0.876984126984127,0.9570957095709571,0.8409472645240694,0.061992132164817366,0.2893363865907113,290,13,31,221
44,4,Molecular branch,589,317,272,0.9675728335498238,0.9728918533455119,0.8964346349745331,0.8977836797179439,0.901453957996769,0.9238410596026491,0.8801261829652997,0.8801261829652997,0.9154411764705882,0.793499431331349,0.09324027856496694,0.5075889698071753,249,23,38,279
44,4,Contextual branch,589,317,272,0.981582853961774,0.9836546960908864,0.933786078098472,0.9330058916311004,0.9387755102040817,0.934375,0.943217665615142,0.943217665615142,0.9227941176470589,0.8667358398752227,0.05678777969415927,0.24133795161713686,251,21,18,299
44,4,Equal probability mean,589,317,272,0.9821743366116162,0.9857186890698719,0.9202037351443124,0.9209094915568752,0.9248,0.9383116883116883,0.9116719242902208,0.9116719242902208,0.9301470588235294,0.8402417941855842,0.05580904841140676,0.18151083625457695,253,19,28,289
44,4,Equal logit mean,589,317,272,0.9842967155316384,0.9868792694440646,0.9202037351443124,0.9209094915568752,0.9248,0.9383116883116883,0.9116719242902208,0.9116719242902208,0.9301470588235294,0.8402417941855842,0.06100185196039683,0.22977163314419013,253,19,28,289
44,4,Learned convex probability mean,589,317,272,0.9846562442011504,0.987634449055326,0.9320882852292021,0.9316895527927259,0.9369085173501577,0.9369085173501577,0.9369085173501577,0.9369085173501577,0.9264705882352942,0.8633791055854518,0.051603924881931634,0.16992177924717924,252,20,20,297
44,4,Nested logistic fusion,589,317,272,0.9854564854332901,0.9876510793132842,0.9320882852292021,0.9311676563369827,0.9373040752351097,0.9314641744548287,0.943217665615142,0.943217665615142,0.9191176470588235,0.8633170951247009,0.04882368595172076,0.15552397817075642,250,22,18,299
44,4,Feature concatenation LR,589,317,272,0.9859667841900167,0.9879649529141586,0.9303904923599321,0.9282856281313787,0.9366306027820711,0.9181818181818182,0.9558359621451105,0.9558359621451105,0.9007352941176471,0.8603412139903834,0.04859527445430726,0.16771733653960813,245,27,14,303
44,5,Molecular branch,484,232,252,0.9642344006568144,0.9662179812349095,0.8966942148760331,0.8977148330596607,0.895397489539749,0.8699186991869918,0.9224137931034483,0.9224137931034483,0.873015873015873,0.7948588517895311,0.09176826768360992,0.5628885478318973,220,32,18,214
44,5,Contextual branch,484,232,252,0.9805692391899289,0.9784221006819991,0.9194214876033058,0.9202244116037219,0.9178947368421052,0.897119341563786,0.9396551724137931,0.9396551724137931,0.9007936507936508,0.8397381387543087,0.06570114885963955,0.30039556664087086,227,25,14,218
44,5,Equal probability mean,484,232,252,0.9822454844006568,0.9818876205366912,0.9359504132231405,0.9360974274767379,0.9336188436830836,0.9276595744680851,0.9396551724137931,0.9396551724137931,0.9325396825396826,0.871814682056571,0.05759152123366284,0.20780500038885005,235,17,14,218
44,5,Equal logit mean,484,232,252,0.9829296661193213,0.9822495172704281,0.9359504132231405,0.9360974274767379,0.9336188436830836,0.9276595744680851,0.9396551724137931,0.9396551724137931,0.9325396825396826,0.871814682056571,0.053958669234815446,0.27042100043880096,235,17,14,218
44,5,Learned convex probability mean,484,232,252,0.9828954570333882,0.9822929720723618,0.9276859504132231,0.9286740558292282,0.9266247379454927,0.9020408163265307,0.9525862068965517,0.9525862068965517,0.9047619047619048,0.8566816526554998,0.055703087283502525,0.20088936938557023,228,24,11,221
44,5,Nested logistic fusion,484,232,252,0.9853927203065135,0.9841083600337361,0.9276859504132231,0.9285030103995622,0.9263157894736842,0.9053497942386831,0.9482758620689655,0.9482758620689655,0.9087301587301587,0.856281335561419,0.05164316558735107,0.1698303567183112,229,23,12,220
44,5,Feature concatenation LR,484,232,252,0.9830493979200876,0.9821708137279502,0.9297520661157025,0.9308292282430213,0.9288702928870293,0.9024390243902439,0.9568965517241379,0.9568965517241379,0.9047619047619048,0.8610401152105069,0.054467791874550406,0.20959344768713203,228,24,10,222
45,1,Molecular branch,551,316,235,0.9328709938055482,0.9556965802335308,0.852994555353902,0.8532924858604902,0.8691437802907916,0.8877887788778878,0.8512658227848101,0.8512658227848101,0.8553191489361702,0.7024165149999737,0.12959458554432426,0.9315939983039582,201,34,47,269
45,1,Contextual branch,551,316,235,0.9727309453272286,0.9797022676158542,0.9074410163339383,0.9067600323188796,0.9186602870813397,0.9260450160771704,0.9113924050632911,0.9113924050632911,0.902127659574468,0.8114465645554462,0.07891917673623601,0.40631298254980436,212,23,28,288
45,1,Equal probability mean,551,316,235,0.9639375168327499,0.9756357381320185,0.9001814882032668,0.9009762994882844,0.9114331723027376,0.9278688524590164,0.8955696202531646,0.8955696202531646,0.9063829787234042,0.7978269427382928,0.0822592285561389,0.3781145971195694,213,22,33,283
45,1,Equal logit mean,551,316,235,0.9641664422300027,0.9757980951432874,0.9001814882032668,0.9009762994882844,0.9114331723027376,0.9278688524590164,0.8955696202531646,0.8955696202531646,0.9063829787234042,0.7978269427382928,0.08456695612994496,0.505921880577074,213,22,33,283
45,1,Learned convex probability mean,551,316,235,0.9671559385941287,0.9777880966609118,0.911070780399274,0.9104699703743604,0.9218500797448166,0.9292604501607717,0.9145569620253164,0.9145569620253164,0.9063829787234042,0.8188475288848849,0.07521312028064323,0.3535642152266626,213,22,27,289
45,1,Nested logistic fusion,551,316,235,0.9710342041475896,0.9797097178473184,0.9092558983666061,0.9072515486129814,0.9208860759493671,0.9208860759493671,0.9208860759493671,0.9208860759493671,0.8936170212765957,0.8145030972259628,0.06820350927695082,0.23250431965994298,210,25,25,291
45,1,Feature concatenation LR,551,316,235,0.967196337193644,0.9773107094983418,0.9128856624319419,0.9131430110422838,0.9230769230769231,0.935064935064935,0.9113924050632911,0.9113924050632911,0.9148936170212766,0.8230559966222379,0.0711815038207576,0.35073598187520505,215,20,28,288
45,2,Molecular branch,538,275,263,0.9656550293812652,0.9701420016442719,0.9014869888475836,0.9023090217767025,0.8998109640831758,0.937007874015748,0.8654545454545455,0.8654545454545455,0.9391634980988594,0.805671424187757,0.08772644156913557,0.5865976366142553,247,16,37,238
45,2,Contextual branch,538,275,263,0.981527825786381,0.9826180026835155,0.9163568773234201,0.9165226408572416,0.9174311926605505,0.9259259259259259,0.9090909090909091,0.9090909090909091,0.9239543726235742,0.8328437884072736,0.06602178117597651,0.27718003584271844,243,20,25,250
45,2,Equal probability mean,538,275,263,0.9818596612512962,0.9841488537318316,0.9237918215613383,0.9245419979260283,0.9227871939736346,0.95703125,0.8909090909090909,0.8909090909090909,0.9581749049429658,0.8498657736608625,0.05974873209045285,0.2126909663211615,252,11,30,245
45,2,Equal logit mean,538,275,263,0.984210162461113,0.9858937947398267,0.9237918215613383,0.9245419979260283,0.9227871939736346,0.95703125,0.8909090909090909,0.8909090909090909,0.9581749049429658,0.8498657736608625,0.06277709803380432,0.3000523655355876,252,11,30,245
45,2,Learned convex probability mean,538,275,263,0.9826892499135846,0.9846958392752405,0.9182156133828996,0.918506740407881,0.9188191881918819,0.9325842696629213,0.9054545454545454,0.9054545454545454,0.9315589353612167,0.8368283750664525,0.05835454510919493,0.20335311109222892,245,18,26,249
45,2,Nested logistic fusion,538,275,263,0.9857034220532319,0.9870228244432017,0.9312267657992565,0.931648807466298,0.9313543599257885,0.9507575757575758,0.9127272727272727,0.9127272727272727,0.9505703422053232,0.8632319724115008,0.049731217741560606,0.15965399580055076,250,13,24,251
45,2,Feature concatenation LR,538,275,263,0.9857034220532319,0.9868597560265865,0.9237918215613383,0.9237953681299689,0.9253187613843351,0.927007299270073,0.9236363636363636,0.9236363636363636,0.9239543726235742,0.847526288042055,0.055349895561373166,0.18357195207411028,243,20,21,254
45,3,Molecular branch,517,244,273,0.9726775956284153,0.9738215450853419,0.9110251450676983,0.9103089533417403,0.9049586776859504,0.9125,0.8975409836065574,0.8975409836065574,0.9230769230769231,0.8214321955468101,0.07557507781469824,0.464855435106944,252,21,25,219
45,3,Contextual branch,517,244,273,0.9836816189275206,0.9826020242433298,0.9264990328820116,0.926267038971957,0.9221311475409836,0.9221311475409836,0.9221311475409836,0.9221311475409836,0.9304029304029304,0.852534077943914,0.058171055072844896,0.25604275084239353,254,19,19,225
45,3,Equal probability mean,517,244,273,0.9850477391460998,0.984881206667554,0.9342359767891683,0.9331576893052302,0.9291666666666667,0.9449152542372882,0.9139344262295082,0.9139344262295082,0.9523809523809523,0.8682466157719317,0.04745056270517105,0.17974629489234417,260,13,21,223
45,3,Equal logit mean,517,244,273,0.9874196841409957,0.9870956434355238,0.9342359767891683,0.9331576893052302,0.9291666666666667,0.9449152542372882,0.9139344262295082,0.9139344262295082,0.9523809523809523,0.8682466157719317,0.050993300458623644,0.23024792853576537,260,13,21,223
45,3,Learned convex probability mean,517,244,273,0.9857533177205308,0.9854260915389874,0.9284332688588007,0.9278808623070918,0.9237113402061856,0.9294605809128631,0.9180327868852459,0.9180327868852459,0.9377289377289377,0.856379046046756,0.04857624223348367,0.18274746643226525,256,17,20,224
45,3,Nested logistic fusion,517,244,273,0.9878250165135412,0.9871248319298214,0.9381044487427466,0.9379090854500691,0.9344262295081968,0.9344262295081968,0.9344262295081968,0.9344262295081968,0.9413919413919414,0.8758181709001381,0.043642227482443056,0.14414724296391168,257,16,16,228
45,3,Feature concatenation LR,517,244,273,0.9875547949318442,0.9872554629501588,0.9381044487427466,0.9385621209391701,0.9352226720647774,0.924,0.9467213114754098,0.9467213114754098,0.9304029304029304,0.8762170825393213,0.047693811471731476,0.16379219430597627,254,19,13,231
45,4,Molecular branch,582,260,322,0.9739130434782608,0.9726820945311895,0.9037800687285223,0.9000836120401339,0.8893280632411067,0.9146341463414634,0.8653846153846154,0.8653846153846154,0.9347826086956522,0.8053008837811573,0.07560345092664664,0.37260591336278037,301,21,35,225
45,4,Contextual branch,582,260,322,0.9859412326803632,0.9841962679707693,0.9312714776632303,0.9304825609173435,0.9230769230769231,0.9230769230769231,0.9230769230769231,0.9230769230769231,0.937888198757764,0.8609651218346871,0.05607551859627963,0.23107368549957735,302,20,20,240
45,4,Equal probability mean,582,260,322,0.9860606784519828,0.9840040547451201,0.9278350515463918,0.9236741519350216,0.9163346613545816,0.9504132231404959,0.8846153846153846,0.8846153846153846,0.9627329192546584,0.8547309552085365,0.050578179501831744,0.16617444519495192,310,12,30,230
45,4,Equal logit mean,582,260,322,0.988640707118968,0.9869107452909904,0.9278350515463918,0.9236741519350216,0.9163346613545816,0.9504132231404959,0.8846153846153846,0.8846153846153846,0.9627329192546584,0.8547309552085365,0.05309511272005845,0.20413331664489245,310,12,30,230
45,4,Learned convex probability mean,582,260,322,0.9872073578595317,0.9852485491371882,0.9278350515463918,0.9266364070711897,0.918918918918919,0.9224806201550387,0.9153846153846154,0.9153846153846154,0.937888198757764,0.8539258499705945,0.04935091975180264,0.1621830437258437,302,20,22,238
45,4,Nested logistic fusion,582,260,322,0.9891423793597707,0.9877334814996317,0.9347079037800687,0.9335881509794554,0.9266409266409267,0.9302325581395349,0.9230769230769231,0.9230769230769231,0.9440993788819876,0.8678399785523429,0.041950421767767074,0.1358296401744707,304,18,20,240
45,4,Feature concatenation LR,582,260,322,0.9906235069278548,0.9893753675517456,0.9501718213058419,0.9501552795031056,0.9445506692160612,0.9391634980988594,0.95,0.95,0.9503105590062112,0.8993603515690995,0.038182010829374634,0.1359065113817042,306,16,13,247
45,5,Molecular branch,547,264,283,0.9686663454331299,0.9695021699361461,0.9177330895795247,0.9171886711639361,0.9136276391554703,0.9260700389105059,0.9015151515151515,0.9015151515151515,0.9328621908127208,0.8353954832239934,0.07219670790062,0.4888699037370245,264,19,26,238
45,5,Contextual branch,547,264,283,0.9845540207731021,0.9829251934638784,0.9378427787934186,0.9386577792054824,0.9372693726937269,0.9136690647482014,0.9621212121212122,0.9621212121212122,0.9151943462897526,0.8769048548520952,0.05268360378038805,0.24585559610933758,259,24,10,254
45,5,Equal probability mean,547,264,283,0.9856917228825356,0.983695009809952,0.9378427787934186,0.9376405396723417,0.935361216730038,0.9389312977099237,0.9318181818181818,0.9318181818181818,0.9434628975265018,0.8755272065536545,0.046082641177441666,0.19254516043629222,267,16,18,246
45,5,Equal logit mean,547,264,283,0.9848351001177856,0.9828360024997519,0.9378427787934186,0.9376405396723417,0.935361216730038,0.9389312977099237,0.9318181818181818,0.9318181818181818,0.9434628975265018,0.8755272065536545,0.051370528739428455,0.25989346595176704,267,16,18,246
45,5,Learned convex probability mean,547,264,283,0.9863208052253989,0.9843244402966511,0.9378427787934186,0.9384034693221972,0.9368029739776952,0.9197080291970803,0.9545454545454546,0.9545454545454546,0.9222614840989399,0.8762793031853167,0.045188516197695615,0.18591236271330394,261,22,12,252
45,5,Nested logistic fusion,547,264,283,0.9860531106114144,0.9842331808650066,0.9378427787934186,0.9382763143805547,0.9365671641791045,0.9227941176470589,0.9507575757575758,0.9507575757575758,0.9257950530035336,0.8760368578257433,0.04472358927385829,0.15408600347399146,262,21,13,251
45,5,Feature concatenation LR,547,264,283,0.9865081914551879,0.985854830983955,0.9341864716636198,0.9349970553592462,0.933579335793358,0.9100719424460432,0.9583333333333334,0.9583333333333334,0.911660777385159,0.869586834597555,0.0490104106301725,0.1756714285505588,258,25,11,253
46,1,Molecular branch,565,285,280,0.9680451127819549,0.9719585214524665,0.904424778761062,0.9046365914786967,0.9028776978417267,0.9261992619926199,0.8807017543859649,0.8807017543859649,0.9285714285714286,0.8099128404275334,0.08401126365760284,0.5299097250010104,260,20,34,251
46,1,Contextual branch,565,285,280,0.9843734335839598,0.9846627620955037,0.9256637168141593,0.9258145363408521,0.925,0.9418181818181818,0.9087719298245615,0.9087719298245615,0.9428571428571428,0.8518959992115881,0.05920425473856627,0.26340328408499314,264,16,26,259
46,1,Equal probability mean,565,285,280,0.9845112781954888,0.9849331375767897,0.9274336283185841,0.9277568922305764,0.9253187613843351,0.9621212121212122,0.8912280701754386,0.8912280701754386,0.9642857142857143,0.8573205737693054,0.05415057259053546,0.1939043902531346,270,10,31,254
46,1,Equal logit mean,565,285,280,0.9861027568922306,0.9862551288778358,0.9274336283185841,0.9277568922305764,0.9253187613843351,0.9621212121212122,0.8912280701754386,0.8912280701754386,0.9642857142857143,0.8573205737693054,0.06331609374955867,0.28466659837256914,270,10,31,254
46,1,Learned convex probability mean,565,285,280,0.9851503759398496,0.9853822699727708,0.9292035398230089,0.9293859649122806,0.9283154121863799,0.9487179487179487,0.9087719298245615,0.9087719298245615,0.95,0.8592242721945244,0.05209368273869553,0.1880608440412015,266,14,26,259
46,1,Nested logistic fusion,565,285,280,0.9875563909774436,0.9874865994295098,0.9309734513274336,0.9311403508771929,0.9302325581395349,0.948905109489051,0.9122807017543859,0.9122807017543859,0.95,0.8626375053402655,0.04655555200924309,0.14932332590055067,266,14,25,260
46,1,Feature concatenation LR,565,285,280,0.9908395989974937,0.9907353425481176,0.9433628318584071,0.943389724310777,0.9436619718309859,0.9469964664310954,0.9403508771929825,0.9403508771929825,0.9464285714285714,0.886746112928118,0.04057607629064044,0.13468312172438193,265,15,17,268
46,2,Molecular branch,517,265,252,0.9739742437855646,0.9772917530571237,0.8955512572533849,0.8950958370769692,0.8996282527881041,0.8864468864468864,0.9132075471698113,0.9132075471698113,0.876984126984127,0.7911875052663554,0.08863000186914405,0.44352419599395687,221,31,23,242
46,2,Contextual branch,517,265,252,0.9822252171308774,0.9827609803826866,0.9245647969052224,0.9237870619946091,0.9284403669724771,0.9035714285714286,0.9547169811320755,0.9547169811320755,0.8928571428571429,0.8502520899795976,0.06372043572062829,0.3030803297736143,225,27,12,253
46,2,Equal probability mean,517,265,252,0.982240191674154,0.9840787147413215,0.9342359767891683,0.9339997005091345,0.9363295880149812,0.929368029739777,0.9433962264150944,0.9433962264150944,0.9246031746031746,0.8684416672226114,0.05822567683144295,0.2341262905356951,233,19,15,250
46,2,Equal logit mean,517,265,252,0.985759209344115,0.986861954284473,0.9342359767891683,0.9339997005091345,0.9363295880149812,0.929368029739777,0.9433962264150944,0.9433962264150944,0.9246031746031746,0.8684416672226114,0.05518541964466783,0.25589270840576483,233,19,15,250
46,2,Learned convex probability mean,517,265,252,0.9825546570829589,0.9841811352556896,0.9264990328820116,0.9257711889787361,0.9301470588235294,0.9068100358422939,0.9547169811320755,0.9547169811320755,0.8968253968253969,0.8539626832970314,0.056169724279663824,0.23316695529790968,226,26,12,253
46,2,Nested logistic fusion,517,265,252,0.9856693620844564,0.9863974526694067,0.9381044487427466,0.9372866127583108,0.9413919413919414,0.9145907473309609,0.969811320754717,0.969811320754717,0.9047619047619048,0.8776275006535423,0.04761298558092394,0.16363611650784418,228,24,8,257
46,2,Feature concatenation LR,517,265,252,0.9836777478286912,0.9845923961668627,0.9323017408123792,0.931723569931117,0.9353049907578558,0.9166666666666666,0.9547169811320755,0.9547169811320755,0.9087301587301587,0.8651589408646422,0.0547535425541689,0.2119558744155017,229,23,12,253
46,3,Molecular branch,575,281,294,0.9646670055922725,0.9708164354984103,0.92,0.9194083327281091,0.916058394160584,0.9400749063670412,0.8932384341637011,0.8932384341637011,0.9455782312925171,0.8407422769659242,0.06947872259896297,0.5336804821612245,278,16,30,251
46,3,Contextual branch,575,281,294,0.9743505943302587,0.9749366635035734,0.9043478260869565,0.9040235311206333,0.9009009009009009,0.9124087591240876,0.8896797153024911,0.8896797153024911,0.9183673469387755,0.8087326032674663,0.0771545943601115,0.3620027311453891,270,24,31,250
46,3,Equal probability mean,575,281,294,0.9768320139443678,0.9797331619687347,0.9234782608695652,0.9227310141138305,0.9191176470588235,0.9505703422053232,0.8896797153024911,0.8896797153024911,0.95578231292517,0.8483318274766165,0.06025596254884932,0.2622919452573763,281,13,31,250
46,3,Equal logit mean,575,281,294,0.9777277459026316,0.9802904082891511,0.9234782608695652,0.9227310141138305,0.9191176470588235,0.9505703422053232,0.8896797153024911,0.8896797153024911,0.95578231292517,0.8483318274766165,0.06574634474065488,0.3571233813185736,281,13,31,250
46,3,Learned convex probability mean,575,281,294,0.9766625511414531,0.9791282923660871,0.9113043478260869,0.9108262522090687,0.9074410163339383,0.9259259259259259,0.8896797153024911,0.8896797153024911,0.9319727891156463,0.8229684891793778,0.06473412614970543,0.26463518670697955,274,20,31,250
46,3,Nested logistic fusion,575,281,294,0.9788897765511899,0.9804343711922474,0.9147826086956522,0.914542329387271,0.9120287253141831,0.9202898550724637,0.9039145907473309,0.9039145907473309,0.9251700680272109,0.8295366320552504,0.060872648008168405,0.19506265943191106,272,22,27,254
46,3,Feature concatenation LR,575,281,294,0.973805892463747,0.9769871568912345,0.9147826086956522,0.9146210085457671,0.9123434704830053,0.9172661870503597,0.9074733096085409,0.9074733096085409,0.9217687074829932,0.8294830232775692,0.0660767365485987,0.2810141237903554,271,23,26,255
46,4,Molecular branch,557,264,293,0.9567690557451651,0.9559191747552569,0.8779174147217235,0.8762733995242528,0.867704280155642,0.892,0.8446969696969697,0.8446969696969697,0.9078498293515358,0.7554923904609915,0.10913171875899542,0.660419358105316,266,27,41,223
46,4,Contextual branch,557,264,293,0.982056055434895,0.9817136185492674,0.9245960502692998,0.9249534595097735,0.9213483146067416,0.9111111111111111,0.9318181818181818,0.9318181818181818,0.9180887372013652,0.8491497928109213,0.06123333213394597,0.27175202377308244,269,24,18,246
46,4,Equal probability mean,557,264,293,0.9788240769469438,0.9784118024607324,0.9030520646319569,0.9012889130209949,0.89453125,0.9233870967741935,0.8674242424242424,0.8674242424242424,0.9351535836177475,0.8063393424758306,0.0610795137571132,0.1963618356633739,274,19,35,229
46,4,Equal logit mean,557,264,293,0.9815518667907747,0.9802973353004126,0.9030520646319569,0.9012889130209949,0.89453125,0.9233870967741935,0.8674242424242424,0.8674242424242424,0.9351535836177475,0.8063393424758306,0.07063803606457164,0.2818024073046391,274,19,35,229
46,4,Learned convex probability mean,557,264,293,0.9829222256696659,0.9826977259739166,0.9228007181328546,0.922872065363533,0.9190207156308852,0.9138576779026217,0.9242424242424242,0.9242424242424242,0.9215017064846417,0.845318038359856,0.05513178122355629,0.18321271456008886,270,23,20,244
46,4,Nested logistic fusion,557,264,293,0.9846804219671114,0.9841064274341108,0.9245960502692998,0.9247660047574724,0.9210526315789473,0.914179104477612,0.928030303030303,0.928030303030303,0.9215017064846417,0.8489834075426926,0.05035113303396739,0.16141318419334857,270,23,19,245
46,4,Feature concatenation LR,557,264,293,0.985236322267039,0.9844997153879702,0.9281867145421903,0.9291162478022547,0.9259259259259259,0.9057971014492754,0.946969696969697,0.946969696969697,0.9112627986348123,0.8571030232803916,0.0510807384931219,0.18627277498847689,267,26,14,250
46,5,Molecular branch,521,264,257,0.9628139370357269,0.9671403506837283,0.9040307101727447,0.9044776559368,0.9019607843137255,0.9349593495934959,0.8712121212121212,0.8712121212121212,0.9377431906614786,0.8101382839584685,0.086287444364455,0.5851294499983404,241,16,34,230
46,5,Contextual branch,521,264,257,0.9847895295366113,0.9851700017043268,0.9424184261036468,0.9424080297134771,0.9431818181818182,0.9431818181818182,0.9431818181818182,0.9431818181818182,0.9416342412451362,0.8848160594269544,0.05376632104491191,0.2517757233440722,242,15,15,249
46,5,Equal probability mean,521,264,257,0.9841410211060017,0.9862165217372162,0.9424184261036468,0.9427175451008136,0.9418604651162791,0.9642857142857143,0.9204545454545454,0.9204545454545454,0.9649805447470817,0.8858268583240675,0.050515930122078063,0.20773423053764498,248,9,21,243
46,5,Equal logit mean,521,264,257,0.9860128522579884,0.9877209705763492,0.9424184261036468,0.9427175451008136,0.9418604651162791,0.9642857142857143,0.9204545454545454,0.9204545454545454,0.9649805447470817,0.8858268583240675,0.04948526082498995,0.24937244053842927,248,9,21,243
46,5,Learned convex probability mean,521,264,257,0.9852906496875369,0.9871072504052417,0.9366602687140115,0.9367777974295484,0.9369024856596558,0.9459459459459459,0.928030303030303,0.928030303030303,0.9455252918287937,0.8734912260462486,0.047175060165190914,0.19459900745067224,243,14,19,245
46,5,Nested logistic fusion,521,264,257,0.9884889753566797,0.9894574070338173,0.9385796545105566,0.9386201509255984,0.9391634980988594,0.9427480916030534,0.9356060606060606,0.9356060606060606,0.9416342412451362,0.8771756615270491,0.04227332024041797,0.14107738943809034,242,15,17,247
46,5,Feature concatenation LR,521,264,257,0.988798490744016,0.9897814483495626,0.9424184261036468,0.9425112015092559,0.9427480916030534,0.95,0.9356060606060606,0.9356060606060606,0.9494163424124513,0.8849441482411348,0.044226792659023136,0.1574692102901319,244,13,17,247
