model,fold,n,positive,negative,AUC,AUPRC,ACC,Balanced_ACC,F1,Precision,Recall,Sensitivity,Specificity,MCC,Brier,LogLoss,TN,FP,FN,TP
Length LR,1,581,289,292,0.9308906479594256,0.9313318866663957,0.846815834767642,0.8467850879271934,0.8452173913043478,0.8496503496503497,0.8408304498269896,0.8408304498269896,0.8527397260273972,0.6936441571117625,0.10586974701819134,0.343163017882591,249,43,46,243
Length LR,2,543,242,301,0.8900016474012247,0.8893725244360215,0.7992633517495396,0.8027374317014909,0.7875243664717348,0.7453874538745388,0.8347107438016529,0.8347107438016529,0.770764119601329,0.601891141094724,0.14130803433961606,0.43696218212378773,232,69,40,202
Length LR,3,503,264,239,0.9070305566121465,0.9200064225899832,0.8071570576540755,0.80717478128566,0.8145315487571702,0.8223938223938224,0.8068181818181818,0.8068181818181818,0.8075313807531381,0.6138633033235414,0.12414059469021455,0.390053330894463,193,46,51,213
Length LR,4,560,301,259,0.9030900858143384,0.9199419936114567,0.8035714285714286,0.804345874113316,0.8129251700680272,0.8327526132404182,0.7940199335548173,0.7940199335548173,0.8146718146718147,0.6071671578594832,0.12703349252361626,0.40619316777418657,211,48,62,239
Length LR,5,548,263,285,0.9132679607764659,0.915356521172855,0.8302919708029197,0.8297978787272363,0.8221797323135756,0.8269230769230769,0.8174904942965779,0.8174904942965779,0.8421052631578947,0.6599260011828962,0.11898912470237341,0.3699353600749244,240,45,48,215
AAC plus length LR,1,581,289,292,0.943617575958667,0.9511740543216652,0.8691910499139415,0.869205337251742,0.8689655172413793,0.865979381443299,0.8719723183391004,0.8719723183391004,0.8664383561643836,0.7384019244732725,0.09528132574184811,0.3053477808991118,253,39,37,252
AAC plus length LR,2,543,242,301,0.924851047472612,0.9268317265405553,0.8397790055248618,0.8400922544685758,0.8242424242424242,0.8063241106719368,0.8429752066115702,0.8429752066115702,0.8372093023255814,0.6777326493187197,0.11046518709861118,0.34610180085050435,252,49,38,204
AAC plus length LR,3,503,264,239,0.9260808926080892,0.9421117348532575,0.8588469184890656,0.8593888677570687,0.8631984585741811,0.8784313725490196,0.8484848484848485,0.8484848484848485,0.8702928870292888,0.7179589263603446,0.10777955831544431,0.3500630132561533,208,31,40,224
AAC plus length LR,4,560,301,259,0.9311304660141869,0.9497265050456423,0.8553571428571428,0.8568285893867289,0.8615384615384616,0.8873239436619719,0.8372093023255814,0.8372093023255814,0.8764478764478765,0.7117198155984518,0.10501699185555248,0.3358563015560155,227,32,49,252
AAC plus length LR,5,548,263,285,0.9205790140751117,0.9196983686803666,0.8302919708029197,0.8303848976052298,0.8248587570621468,0.8171641791044776,0.8326996197718631,0.8326996197718631,0.8280701754385965,0.6603954525487867,0.11634928333622965,0.3593507089399205,236,49,44,219
AAC plus DPC plus length LR,1,581,289,292,0.914063610939944,0.9131744145029309,0.8330464716006885,0.8329620325164715,0.8295254833040422,0.8428571428571429,0.8166089965397924,0.8166089965397924,0.8493150684931506,0.6663506002340395,0.13065977616505337,0.6031669105299131,248,44,53,236
AAC plus DPC plus length LR,2,543,242,301,0.899467340270723,0.9066958420428595,0.8397790055248618,0.8360423931248455,0.8168421052631579,0.8326180257510729,0.8016528925619835,0.8016528925619835,0.8704318936877077,0.6749260454063271,0.12888196452091052,0.6318947871765729,262,39,48,194
AAC plus DPC plus length LR,3,503,264,239,0.859547356409281,0.8858019640732964,0.7912524850894632,0.7932119310257386,0.7912524850894632,0.8326359832635983,0.7537878787878788,0.7537878787878788,0.8326359832635983,0.5864238620514771,0.1772830148047889,0.9647105802208771,199,40,65,199
AAC plus DPC plus length LR,4,560,301,259,0.8853115098962276,0.9163487917889725,0.8214285714285714,0.8228427763311484,0.8287671232876712,0.8551236749116607,0.8039867109634552,0.8039867109634552,0.8416988416988417,0.6439039609349019,0.15911434418982942,0.8008789549407611,218,41,59,242
AAC plus DPC plus length LR,5,548,263,285,0.8795543993062503,0.8955105660912696,0.7974452554744526,0.7945500633713561,0.7739307535641547,0.8333333333333334,0.7224334600760456,0.7224334600760456,0.8666666666666667,0.5970999128055642,0.16583706992466837,0.800605147931229,247,38,73,190
AAC plus DPC plus length RF,1,581,289,292,0.9612030146466322,0.9655074372783654,0.8881239242685026,0.8877743281035219,0.8794063079777366,0.948,0.8200692041522492,0.8200692041522492,0.9554794520547946,0.7831868656322581,0.0827296179001876,0.2804717302863222,279,13,52,237
AAC plus DPC plus length RF,2,543,242,301,0.9547994289009087,0.9515909638508089,0.8802946593001841,0.8758271326981686,0.8614072494669509,0.8898678414096917,0.8347107438016529,0.8347107438016529,0.9169435215946844,0.7574475883457455,0.09005340699817681,0.3043214736379248,276,25,40,202
AAC plus DPC plus length RF,3,503,264,239,0.9438553949537214,0.9543584299722259,0.8727634194831014,0.8756181057436287,0.8709677419354839,0.9310344827586207,0.8181818181818182,0.8181818181818182,0.9330543933054394,0.7525732716553769,0.09583621471173956,0.3214935268657673,223,16,48,216
AAC plus DPC plus length RF,4,560,301,259,0.9531356225708384,0.9619767910622079,0.8767857142857143,0.880802729639939,0.8783068783068783,0.9360902255639098,0.8272425249169435,0.8272425249169435,0.9343629343629344,0.7604115324456402,0.09329638571431607,0.3026895299972609,242,17,52,249
AAC plus DPC plus length RF,5,548,263,285,0.9523580815155761,0.9539336455369134,0.8759124087591241,0.8742445467280369,0.8656126482213439,0.9012345679012346,0.8326996197718631,0.8326996197718631,0.9157894736842105,0.7527187324983198,0.09146964233579745,0.3011773435881893,261,24,44,219
ECFP4 count LightGBM,1,581,289,292,0.9688818315400295,0.9738110834961387,0.9104991394148021,0.9103901028582262,0.9081272084805654,0.927797833935018,0.889273356401384,0.889273356401384,0.9315068493150684,0.821656972592126,0.08065413913577867,0.49368668422723067,272,20,32,257
ECFP4 count LightGBM,2,543,242,301,0.9666538535460312,0.9666229238800322,0.9079189686924494,0.9056039098322397,0.895397489539749,0.9067796610169492,0.8842975206611571,0.8842975206611571,0.9269102990033222,0.8133882042315695,0.08108949377192326,0.4822397247240015,279,22,28,214
ECFP4 count LightGBM,3,503,264,239,0.9667015341701535,0.9721031025260588,0.9025844930417495,0.9042253074679854,0.9037328094302554,0.9387755102040817,0.8712121212121212,0.8712121212121212,0.9372384937238494,0.8077212607036078,0.08414408068765362,0.5782133122741312,224,15,34,230
ECFP4 count LightGBM,4,560,301,259,0.961210379815031,0.9691469453438754,0.8767857142857143,0.8773008889287959,0.8836424957841484,0.8972602739726028,0.8704318936877077,0.8704318936877077,0.8841698841698842,0.7531684706576496,0.10067887246244454,0.5283798396658312,229,30,39,262
ECFP4 count LightGBM,5,548,263,285,0.9617770662397438,0.9616644878184661,0.8923357664233577,0.891501567607231,0.8858800773694391,0.9015748031496063,0.870722433460076,0.870722433460076,0.9122807017543859,0.7844644762591343,0.09466086387662,0.5741011923541529,260,25,34,229
Character 1-3-mer LR,1,581,289,292,0.9642958714509172,0.9691111109696202,0.9018932874354562,0.9019528842963455,0.9025641025641026,0.8918918918918919,0.9134948096885813,0.9134948096885813,0.8904109589041096,0.8040391700510546,0.07187114569469427,0.2488740544928572,260,32,25,264
Character 1-3-mer LR,2,543,242,301,0.9592680047225502,0.9564638472772174,0.9023941068139963,0.9030504379341588,0.8924949290060852,0.8764940239043825,0.9090909090909091,0.9090909090909091,0.8970099667774086,0.8036224068110313,0.07565772100586947,0.258616192643821,270,31,22,220
Character 1-3-mer LR,3,503,264,239,0.9382052745023456,0.9510039647366085,0.856858846918489,0.8576930391783948,0.8604651162790697,0.8809523809523809,0.8409090909090909,0.8409090909090909,0.8744769874476988,0.7145033463971483,0.09712066312807512,0.3499251742116305,209,30,42,222
Character 1-3-mer LR,4,560,301,259,0.9549891609692275,0.9642516556691267,0.8839285714285714,0.8815210559396606,0.8943089430894309,0.8757961783439491,0.9136212624584718,0.9136212624584718,0.8494208494208494,0.766565482021991,0.08605051112116209,0.28288143461565585,220,39,26,275
Character 1-3-mer LR,5,548,263,285,0.9509305583350011,0.9562957294347741,0.8959854014598541,0.8945700753785605,0.888015717092338,0.9186991869918699,0.8593155893536122,0.8593155893536122,0.9298245614035088,0.7926535694874383,0.0846025778178766,0.29877326801708853,265,20,37,226
