analysis,metric,estimate,ci_low,ci_high,bootstrap_reps,bootstrap,dataset,protocol,model
AOPP | exact_overlap_only | Length LR,AUC,0.5967504528985506,0.5465916238929146,0.6447238891404992,2500,class-stratified percentile,AOPP,exact_overlap_only,Length LR
AOPP | exact_overlap_only | Length LR,AUPRC,0.7130897797755386,0.6819701193191255,0.7487042144201673,2500,class-stratified percentile,AOPP,exact_overlap_only,Length LR
AOPP | exact_overlap_only | Length LR,ACC,0.4603960396039604,0.42574257425742573,0.4966996699669967,2500,class-stratified percentile,AOPP,exact_overlap_only,Length LR
AOPP | exact_overlap_only | Length LR,Balanced_ACC,0.5352506038647343,0.4970721995772947,0.5732799290458938,2500,class-stratified percentile,AOPP,exact_overlap_only,Length LR
AOPP | exact_overlap_only | Length LR,F1,0.4559068219633943,0.40672268907563025,0.5040665346408997,2500,class-stratified percentile,AOPP,exact_overlap_only,Length LR
AOPP | exact_overlap_only | Length LR,Precision,0.732620320855615,0.679144385026738,0.7851375979588118,2500,class-stratified percentile,AOPP,exact_overlap_only,Length LR
AOPP | exact_overlap_only | Length LR,Recall,0.3309178743961353,0.28743961352657005,0.37681159420289856,2500,class-stratified percentile,AOPP,exact_overlap_only,Length LR
AOPP | exact_overlap_only | Length LR,Sensitivity,0.3309178743961353,0.28743961352657005,0.37681159420289856,2500,class-stratified percentile,AOPP,exact_overlap_only,Length LR
AOPP | exact_overlap_only | Length LR,Specificity,0.7395833333333334,0.6770833333333334,0.796875,2500,class-stratified percentile,AOPP,exact_overlap_only,Length LR
AOPP | exact_overlap_only | Length LR,MCC,0.07101000233836803,-0.005808814579229386,0.14663135565874844,2500,class-stratified percentile,AOPP,exact_overlap_only,Length LR
AOPP | exact_overlap_only | Length LR,Brier,0.24983927411591755,0.24870403093599155,0.25098996895849035,2500,class-stratified percentile,AOPP,exact_overlap_only,Length LR
AOPP | exact_overlap_only | Length LR,LogLoss,0.6928239018618498,0.690551378481714,0.695127487577432,2500,class-stratified percentile,AOPP,exact_overlap_only,Length LR
AOPP | exact_overlap_only | AAC plus DPC plus length RF,AUC,0.8120156501610306,0.7783299051429146,0.844305744263285,2500,class-stratified percentile,AOPP,exact_overlap_only,AAC plus DPC plus length RF
AOPP | exact_overlap_only | AAC plus DPC plus length RF,AUPRC,0.9232156541323693,0.9087967130331801,0.9366543277501617,2500,class-stratified percentile,AOPP,exact_overlap_only,AAC plus DPC plus length RF
AOPP | exact_overlap_only | AAC plus DPC plus length RF,ACC,0.731023102310231,0.698019801980198,0.7632425742574259,2500,class-stratified percentile,AOPP,exact_overlap_only,AAC plus DPC plus length RF
AOPP | exact_overlap_only | AAC plus DPC plus length RF,Balanced_ACC,0.7905721618357489,0.7624075332125604,0.8181848203502415,2500,class-stratified percentile,AOPP,exact_overlap_only,AAC plus DPC plus length RF
AOPP | exact_overlap_only | AAC plus DPC plus length RF,F1,0.7613469985358712,0.723404255319149,0.794306990881459,2500,class-stratified percentile,AOPP,exact_overlap_only,AAC plus DPC plus length RF
AOPP | exact_overlap_only | AAC plus DPC plus length RF,Precision,0.966542750929368,0.9450980392156862,0.9853479853479854,2500,class-stratified percentile,AOPP,exact_overlap_only,AAC plus DPC plus length RF
AOPP | exact_overlap_only | AAC plus DPC plus length RF,Recall,0.6280193236714976,0.5797101449275363,0.6739130434782609,2500,class-stratified percentile,AOPP,exact_overlap_only,AAC plus DPC plus length RF
AOPP | exact_overlap_only | AAC plus DPC plus length RF,Sensitivity,0.6280193236714976,0.5797101449275363,0.6739130434782609,2500,class-stratified percentile,AOPP,exact_overlap_only,AAC plus DPC plus length RF
AOPP | exact_overlap_only | AAC plus DPC plus length RF,Specificity,0.953125,0.921875,0.9791666666666666,2500,class-stratified percentile,AOPP,exact_overlap_only,AAC plus DPC plus length RF
AOPP | exact_overlap_only | AAC plus DPC plus length RF,MCC,0.5441814013225535,0.4951434178340972,0.593459775826399,2500,class-stratified percentile,AOPP,exact_overlap_only,AAC plus DPC plus length RF
AOPP | exact_overlap_only | AAC plus DPC plus length RF,Brier,0.19813891089109573,0.1784544638613944,0.2189140955445622,2500,class-stratified percentile,AOPP,exact_overlap_only,AAC plus DPC plus length RF
AOPP | exact_overlap_only | AAC plus DPC plus length RF,LogLoss,0.5978635058329329,0.5436053884811526,0.6560601527046027,2500,class-stratified percentile,AOPP,exact_overlap_only,AAC plus DPC plus length RF
AOPP | exact_overlap_only | Molecular ECFP4 branch,AUC,0.7974537037037037,0.7633466686795491,0.8311006063808374,2500,class-stratified percentile,AOPP,exact_overlap_only,Molecular ECFP4 branch
AOPP | exact_overlap_only | Molecular ECFP4 branch,AUPRC,0.9160613217556227,0.9010768464564313,0.9306746432691717,2500,class-stratified percentile,AOPP,exact_overlap_only,Molecular ECFP4 branch
AOPP | exact_overlap_only | Molecular ECFP4 branch,ACC,0.7128712871287128,0.6782178217821783,0.7475247524752475,2500,class-stratified percentile,AOPP,exact_overlap_only,Molecular ECFP4 branch
AOPP | exact_overlap_only | Molecular ECFP4 branch,Balanced_ACC,0.7633227657004831,0.7295818236714975,0.7943699048913043,2500,class-stratified percentile,AOPP,exact_overlap_only,Molecular ECFP4 branch
AOPP | exact_overlap_only | Molecular ECFP4 branch,F1,0.7485549132947977,0.7117368839427662,0.7844605745293838,2500,class-stratified percentile,AOPP,exact_overlap_only,Molecular ECFP4 branch
AOPP | exact_overlap_only | Molecular ECFP4 branch,Precision,0.9316546762589928,0.9032827677179518,0.9581749049429658,2500,class-stratified percentile,AOPP,exact_overlap_only,Molecular ECFP4 branch
AOPP | exact_overlap_only | Molecular ECFP4 branch,Recall,0.6256038647342995,0.5797101449275363,0.6714975845410628,2500,class-stratified percentile,AOPP,exact_overlap_only,Molecular ECFP4 branch
AOPP | exact_overlap_only | Molecular ECFP4 branch,Sensitivity,0.6256038647342995,0.5797101449275363,0.6714975845410628,2500,class-stratified percentile,AOPP,exact_overlap_only,Molecular ECFP4 branch
AOPP | exact_overlap_only | Molecular ECFP4 branch,Specificity,0.9010416666666666,0.859375,0.9427083333333334,2500,class-stratified percentile,AOPP,exact_overlap_only,Molecular ECFP4 branch
AOPP | exact_overlap_only | Molecular ECFP4 branch,MCC,0.4917109373821711,0.4299591458949335,0.5492476258192504,2500,class-stratified percentile,AOPP,exact_overlap_only,Molecular ECFP4 branch
AOPP | exact_overlap_only | Molecular ECFP4 branch,Brier,0.26072989309199074,0.23014201843704363,0.29340800555623897,2500,class-stratified percentile,AOPP,exact_overlap_only,Molecular ECFP4 branch
AOPP | exact_overlap_only | Molecular ECFP4 branch,LogLoss,2.113528636320482,1.812482856490328,2.4239483406528772,2500,class-stratified percentile,AOPP,exact_overlap_only,Molecular ECFP4 branch
AOPP | exact_overlap_only | Contextual peptide-adapted ESM-2 branch,AUC,0.7163471215780999,0.6762583660426731,0.7562094278381644,2500,class-stratified percentile,AOPP,exact_overlap_only,Contextual peptide-adapted ESM-2 branch
AOPP | exact_overlap_only | Contextual peptide-adapted ESM-2 branch,AUPRC,0.8733574124487148,0.8532348709417693,0.89345118730947,2500,class-stratified percentile,AOPP,exact_overlap_only,Contextual peptide-adapted ESM-2 branch
AOPP | exact_overlap_only | Contextual peptide-adapted ESM-2 branch,ACC,0.6534653465346535,0.6162953795379538,0.6897689768976898,2500,class-stratified percentile,AOPP,exact_overlap_only,Contextual peptide-adapted ESM-2 branch
AOPP | exact_overlap_only | Contextual peptide-adapted ESM-2 branch,Balanced_ACC,0.6821407004830917,0.6440217391304348,0.7210541213768116,2500,class-stratified percentile,AOPP,exact_overlap_only,Contextual peptide-adapted ESM-2 branch
AOPP | exact_overlap_only | Contextual peptide-adapted ESM-2 branch,F1,0.704225352112676,0.6676096181046676,0.739612188365651,2500,class-stratified percentile,AOPP,exact_overlap_only,Contextual peptide-adapted ESM-2 branch
AOPP | exact_overlap_only | Contextual peptide-adapted ESM-2 branch,Precision,0.8445945945945946,0.810505724028742,0.8797952108605637,2500,class-stratified percentile,AOPP,exact_overlap_only,Contextual peptide-adapted ESM-2 branch
AOPP | exact_overlap_only | Contextual peptide-adapted ESM-2 branch,Recall,0.6038647342995169,0.5603864734299517,0.6497584541062802,2500,class-stratified percentile,AOPP,exact_overlap_only,Contextual peptide-adapted ESM-2 branch
AOPP | exact_overlap_only | Contextual peptide-adapted ESM-2 branch,Sensitivity,0.6038647342995169,0.5603864734299517,0.6497584541062802,2500,class-stratified percentile,AOPP,exact_overlap_only,Contextual peptide-adapted ESM-2 branch
AOPP | exact_overlap_only | Contextual peptide-adapted ESM-2 branch,Specificity,0.7604166666666666,0.6979166666666666,0.8229166666666666,2500,class-stratified percentile,AOPP,exact_overlap_only,Contextual peptide-adapted ESM-2 branch
AOPP | exact_overlap_only | Contextual peptide-adapted ESM-2 branch,MCC,0.33904791703141207,0.2680909348097531,0.4115231523336466,2500,class-stratified percentile,AOPP,exact_overlap_only,Contextual peptide-adapted ESM-2 branch
AOPP | exact_overlap_only | Contextual peptide-adapted ESM-2 branch,Brier,0.3118586148013944,0.27876073457152956,0.3451409827928907,2500,class-stratified percentile,AOPP,exact_overlap_only,Contextual peptide-adapted ESM-2 branch
AOPP | exact_overlap_only | Contextual peptide-adapted ESM-2 branch,LogLoss,2.1324312607090237,1.8349569223642048,2.425787853258038,2500,class-stratified percentile,AOPP,exact_overlap_only,Contextual peptide-adapted ESM-2 branch
AOPP | exact_overlap_only | Equal probability mean,AUC,0.7679775563607085,0.731502868357488,0.8030492023953302,2500,class-stratified percentile,AOPP,exact_overlap_only,Equal probability mean
AOPP | exact_overlap_only | Equal probability mean,AUPRC,0.9035614626699104,0.8868980911309579,0.9191611813152786,2500,class-stratified percentile,AOPP,exact_overlap_only,Equal probability mean
AOPP | exact_overlap_only | Equal probability mean,ACC,0.7145214521452146,0.6782178217821783,0.7491749174917491,2500,class-stratified percentile,AOPP,exact_overlap_only,Equal probability mean
AOPP | exact_overlap_only | Equal probability mean,Balanced_ACC,0.7547554347826086,0.7189764492753623,0.7870640851449275,2500,class-stratified percentile,AOPP,exact_overlap_only,Equal probability mean
AOPP | exact_overlap_only | Equal probability mean,F1,0.7553041018387553,0.7186056634897361,0.7887737614498178,2500,class-stratified percentile,AOPP,exact_overlap_only,Equal probability mean
AOPP | exact_overlap_only | Equal probability mean,Precision,0.9112627986348123,0.8799318181818182,0.9405204460966543,2500,class-stratified percentile,AOPP,exact_overlap_only,Equal probability mean
AOPP | exact_overlap_only | Equal probability mean,Recall,0.644927536231884,0.5990338164251208,0.6896739130434785,2500,class-stratified percentile,AOPP,exact_overlap_only,Equal probability mean
AOPP | exact_overlap_only | Equal probability mean,Sensitivity,0.644927536231884,0.5990338164251208,0.6896739130434785,2500,class-stratified percentile,AOPP,exact_overlap_only,Equal probability mean
AOPP | exact_overlap_only | Equal probability mean,Specificity,0.8645833333333334,0.8125,0.9114583333333334,2500,class-stratified percentile,AOPP,exact_overlap_only,Equal probability mean
AOPP | exact_overlap_only | Equal probability mean,MCC,0.47434929489477146,0.4077900893112923,0.534446520410495,2500,class-stratified percentile,AOPP,exact_overlap_only,Equal probability mean
AOPP | exact_overlap_only | Equal probability mean,Brier,0.2519902767447266,0.22395474551046063,0.2806114153607252,2500,class-stratified percentile,AOPP,exact_overlap_only,Equal probability mean
AOPP | exact_overlap_only | Equal probability mean,LogLoss,1.6100184812911447,1.3636327376085722,1.862366893594757,2500,class-stratified percentile,AOPP,exact_overlap_only,Equal probability mean
AOPP | exact_overlap_only | Equal logit mean,AUC,0.7782055152979066,0.7428327231783415,0.8125726524758453,2500,class-stratified percentile,AOPP,exact_overlap_only,Equal logit mean
AOPP | exact_overlap_only | Equal logit mean,AUPRC,0.9088667761603029,0.8934118963202289,0.923979590079048,2500,class-stratified percentile,AOPP,exact_overlap_only,Equal logit mean
AOPP | exact_overlap_only | Equal logit mean,ACC,0.7145214521452146,0.6782178217821783,0.7491749174917491,2500,class-stratified percentile,AOPP,exact_overlap_only,Equal logit mean
AOPP | exact_overlap_only | Equal logit mean,Balanced_ACC,0.7547554347826086,0.7189764492753623,0.7870640851449275,2500,class-stratified percentile,AOPP,exact_overlap_only,Equal logit mean
AOPP | exact_overlap_only | Equal logit mean,F1,0.7553041018387553,0.7186056634897361,0.7887737614498178,2500,class-stratified percentile,AOPP,exact_overlap_only,Equal logit mean
AOPP | exact_overlap_only | Equal logit mean,Precision,0.9112627986348123,0.8799318181818182,0.9405204460966543,2500,class-stratified percentile,AOPP,exact_overlap_only,Equal logit mean
AOPP | exact_overlap_only | Equal logit mean,Recall,0.644927536231884,0.5990338164251208,0.6896739130434785,2500,class-stratified percentile,AOPP,exact_overlap_only,Equal logit mean
AOPP | exact_overlap_only | Equal logit mean,Sensitivity,0.644927536231884,0.5990338164251208,0.6896739130434785,2500,class-stratified percentile,AOPP,exact_overlap_only,Equal logit mean
AOPP | exact_overlap_only | Equal logit mean,Specificity,0.8645833333333334,0.8125,0.9114583333333334,2500,class-stratified percentile,AOPP,exact_overlap_only,Equal logit mean
AOPP | exact_overlap_only | Equal logit mean,MCC,0.47434929489477146,0.4077900893112923,0.534446520410495,2500,class-stratified percentile,AOPP,exact_overlap_only,Equal logit mean
AOPP | exact_overlap_only | Equal logit mean,Brier,0.26098425175879086,0.23003908547647772,0.2937430400490422,2500,class-stratified percentile,AOPP,exact_overlap_only,Equal logit mean
AOPP | exact_overlap_only | Equal logit mean,LogLoss,1.8916242924480928,1.6129918361289077,2.1666466377740248,2500,class-stratified percentile,AOPP,exact_overlap_only,Equal logit mean
AOPP | exact_overlap_only | Cross-fitted logistic fusion,AUC,0.7875779991948472,0.7529413244766506,0.8218551856884059,2500,class-stratified percentile,AOPP,exact_overlap_only,Cross-fitted logistic fusion
AOPP | exact_overlap_only | Cross-fitted logistic fusion,AUPRC,0.9130795090368644,0.8977331642479598,0.9275616510773108,2500,class-stratified percentile,AOPP,exact_overlap_only,Cross-fitted logistic fusion
AOPP | exact_overlap_only | Cross-fitted logistic fusion,ACC,0.7211221122112211,0.6864686468646864,0.7557755775577558,2500,class-stratified percentile,AOPP,exact_overlap_only,Cross-fitted logistic fusion
AOPP | exact_overlap_only | Cross-fitted logistic fusion,Balanced_ACC,0.766568538647343,0.7322614734299517,0.7976694595410628,2500,class-stratified percentile,AOPP,exact_overlap_only,Cross-fitted logistic fusion
AOPP | exact_overlap_only | Cross-fitted logistic fusion,F1,0.7589158345221113,0.7224669603524229,0.7919105496756572,2500,class-stratified percentile,AOPP,exact_overlap_only,Cross-fitted logistic fusion
AOPP | exact_overlap_only | Cross-fitted logistic fusion,Precision,0.926829268292683,0.8971545124899275,0.9542125846683153,2500,class-stratified percentile,AOPP,exact_overlap_only,Cross-fitted logistic fusion
AOPP | exact_overlap_only | Cross-fitted logistic fusion,Recall,0.642512077294686,0.5966183574879227,0.6859903381642513,2500,class-stratified percentile,AOPP,exact_overlap_only,Cross-fitted logistic fusion
AOPP | exact_overlap_only | Cross-fitted logistic fusion,Sensitivity,0.642512077294686,0.5966183574879227,0.6859903381642513,2500,class-stratified percentile,AOPP,exact_overlap_only,Cross-fitted logistic fusion
AOPP | exact_overlap_only | Cross-fitted logistic fusion,Specificity,0.890625,0.84375,0.9322916666666666,2500,class-stratified percentile,AOPP,exact_overlap_only,Cross-fitted logistic fusion
AOPP | exact_overlap_only | Cross-fitted logistic fusion,MCC,0.49676773627286724,0.432869683663908,0.5543835548549176,2500,class-stratified percentile,AOPP,exact_overlap_only,Cross-fitted logistic fusion
AOPP | exact_overlap_only | Cross-fitted logistic fusion,Brier,0.2193202403487985,0.19458713998795224,0.24494957251255497,2500,class-stratified percentile,AOPP,exact_overlap_only,Cross-fitted logistic fusion
AOPP | exact_overlap_only | Cross-fitted logistic fusion,LogLoss,0.7346986721494022,0.6473837229580798,0.8214816957507353,2500,class-stratified percentile,AOPP,exact_overlap_only,Cross-fitted logistic fusion
AOPP | identity60_coverage80 | Length LR,AUC,0.5967504528985506,0.5465916238929146,0.6447238891404992,2500,class-stratified percentile,AOPP,identity60_coverage80,Length LR
AOPP | identity60_coverage80 | Length LR,AUPRC,0.7130897797755386,0.6819701193191255,0.7487042144201673,2500,class-stratified percentile,AOPP,identity60_coverage80,Length LR
AOPP | identity60_coverage80 | Length LR,ACC,0.36468646864686466,0.3333333333333333,0.3943894389438944,2500,class-stratified percentile,AOPP,identity60_coverage80,Length LR
AOPP | identity60_coverage80 | Length LR,Balanced_ACC,0.48056310386473433,0.4452728713768116,0.5130604619565218,2500,class-stratified percentile,AOPP,identity60_coverage80,Length LR
AOPP | identity60_coverage80 | Length LR,F1,0.26103646833013433,0.2099009900990099,0.3090003367759318,2500,class-stratified percentile,AOPP,identity60_coverage80,Length LR
AOPP | identity60_coverage80 | Length LR,Precision,0.6355140186915887,0.5495495495495496,0.7155963302752294,2500,class-stratified percentile,AOPP,identity60_coverage80,Length LR
AOPP | identity60_coverage80 | Length LR,Recall,0.1642512077294686,0.1280193236714976,0.20048309178743962,2500,class-stratified percentile,AOPP,identity60_coverage80,Length LR
AOPP | identity60_coverage80 | Length LR,Sensitivity,0.1642512077294686,0.1280193236714976,0.20048309178743962,2500,class-stratified percentile,AOPP,identity60_coverage80,Length LR
AOPP | identity60_coverage80 | Length LR,Specificity,0.796875,0.7395833333333334,0.8541666666666666,2500,class-stratified percentile,AOPP,identity60_coverage80,Length LR
AOPP | identity60_coverage80 | Length LR,MCC,-0.04743135513957307,-0.13226314642032777,0.03195111808389902,2500,class-stratified percentile,AOPP,identity60_coverage80,Length LR
AOPP | identity60_coverage80 | Length LR,Brier,0.25364967196919436,0.2526776824532598,0.2546314463930282,2500,class-stratified percentile,AOPP,identity60_coverage80,Length LR
AOPP | identity60_coverage80 | Length LR,LogLoss,0.700449190509348,0.6985042352676626,0.7024139399191047,2500,class-stratified percentile,AOPP,identity60_coverage80,Length LR
AOPP | identity60_coverage80 | AAC plus DPC plus length RF,AUC,0.8013285024154589,0.7668578904991948,0.8346542874396135,2500,class-stratified percentile,AOPP,identity60_coverage80,AAC plus DPC plus length RF
AOPP | identity60_coverage80 | AAC plus DPC plus length RF,AUPRC,0.9182561591715875,0.9032518644735376,0.9326976174218566,2500,class-stratified percentile,AOPP,identity60_coverage80,AAC plus DPC plus length RF
AOPP | identity60_coverage80 | AAC plus DPC plus length RF,ACC,0.7145214521452146,0.6806518151815182,0.7491749174917491,2500,class-stratified percentile,AOPP,identity60_coverage80,AAC plus DPC plus length RF
AOPP | identity60_coverage80 | AAC plus DPC plus length RF,Balanced_ACC,0.7784948671497585,0.7507529438405797,0.8072161835748792,2500,class-stratified percentile,AOPP,identity60_coverage80,AAC plus DPC plus length RF
AOPP | identity60_coverage80 | AAC plus DPC plus length RF,F1,0.7429420505200595,0.7045238543998115,0.7794059656218403,2500,class-stratified percentile,AOPP,identity60_coverage80,AAC plus DPC plus length RF
AOPP | identity60_coverage80 | AAC plus DPC plus length RF,Precision,0.9652509652509652,0.9423076923076923,0.9851301115241635,2500,class-stratified percentile,AOPP,identity60_coverage80,AAC plus DPC plus length RF
AOPP | identity60_coverage80 | AAC plus DPC plus length RF,Recall,0.6038647342995169,0.5555555555555556,0.6497584541062802,2500,class-stratified percentile,AOPP,identity60_coverage80,AAC plus DPC plus length RF
AOPP | identity60_coverage80 | AAC plus DPC plus length RF,Sensitivity,0.6038647342995169,0.5555555555555556,0.6497584541062802,2500,class-stratified percentile,AOPP,identity60_coverage80,AAC plus DPC plus length RF
AOPP | identity60_coverage80 | AAC plus DPC plus length RF,Specificity,0.953125,0.921875,0.9791666666666666,2500,class-stratified percentile,AOPP,identity60_coverage80,AAC plus DPC plus length RF
AOPP | identity60_coverage80 | AAC plus DPC plus length RF,MCC,0.5238215440464404,0.4740483781133827,0.5745164343173226,2500,class-stratified percentile,AOPP,identity60_coverage80,AAC plus DPC plus length RF
AOPP | identity60_coverage80 | AAC plus DPC plus length RF,Brier,0.2053419537953795,0.18567541930693068,0.22583248613861387,2500,class-stratified percentile,AOPP,identity60_coverage80,AAC plus DPC plus length RF
AOPP | identity60_coverage80 | AAC plus DPC plus length RF,LogLoss,0.6178868414729459,0.5641620610423185,0.6751119366083413,2500,class-stratified percentile,AOPP,identity60_coverage80,AAC plus DPC plus length RF
AOPP | identity60_coverage80 | Molecular ECFP4 branch,AUC,0.7921195652173914,0.7573762706320452,0.8262303743961352,2500,class-stratified percentile,AOPP,identity60_coverage80,Molecular ECFP4 branch
AOPP | identity60_coverage80 | Molecular ECFP4 branch,AUPRC,0.9109391764097392,0.8947454845653874,0.9266652232479107,2500,class-stratified percentile,AOPP,identity60_coverage80,Molecular ECFP4 branch
AOPP | identity60_coverage80 | Molecular ECFP4 branch,ACC,0.698019801980198,0.6633663366336634,0.7326732673267327,2500,class-stratified percentile,AOPP,identity60_coverage80,Molecular ECFP4 branch
AOPP | identity60_coverage80 | Molecular ECFP4 branch,Balanced_ACC,0.7566425120772946,0.7259727883454107,0.7868593372584541,2500,class-stratified percentile,AOPP,identity60_coverage80,Molecular ECFP4 branch
AOPP | identity60_coverage80 | Molecular ECFP4 branch,F1,0.7296898079763663,0.6909090909090909,0.7663280116110305,2500,class-stratified percentile,AOPP,identity60_coverage80,Molecular ECFP4 branch
AOPP | identity60_coverage80 | Molecular ECFP4 branch,Precision,0.9391634980988594,0.9125475285171103,0.9641500000000001,2500,class-stratified percentile,AOPP,identity60_coverage80,Molecular ECFP4 branch
AOPP | identity60_coverage80 | Molecular ECFP4 branch,Recall,0.5966183574879227,0.5507246376811594,0.642512077294686,2500,class-stratified percentile,AOPP,identity60_coverage80,Molecular ECFP4 branch
AOPP | identity60_coverage80 | Molecular ECFP4 branch,Sensitivity,0.5966183574879227,0.5507246376811594,0.642512077294686,2500,class-stratified percentile,AOPP,identity60_coverage80,Molecular ECFP4 branch
AOPP | identity60_coverage80 | Molecular ECFP4 branch,Specificity,0.9166666666666666,0.875,0.953125,2500,class-stratified percentile,AOPP,identity60_coverage80,Molecular ECFP4 branch
AOPP | identity60_coverage80 | Molecular ECFP4 branch,MCC,0.48181957910938794,0.4264981791915365,0.5370425103583273,2500,class-stratified percentile,AOPP,identity60_coverage80,Molecular ECFP4 branch
AOPP | identity60_coverage80 | Molecular ECFP4 branch,Brier,0.28326049497676004,0.2501263783378472,0.3154678493061596,2500,class-stratified percentile,AOPP,identity60_coverage80,Molecular ECFP4 branch
AOPP | identity60_coverage80 | Molecular ECFP4 branch,LogLoss,2.439335095109484,2.1057442701105495,2.7650359783761194,2500,class-stratified percentile,AOPP,identity60_coverage80,Molecular ECFP4 branch
AOPP | identity60_coverage80 | Contextual peptide-adapted ESM-2 branch,AUC,0.7228764090177133,0.6821215151972625,0.7618448696658615,2500,class-stratified percentile,AOPP,identity60_coverage80,Contextual peptide-adapted ESM-2 branch
AOPP | identity60_coverage80 | Contextual peptide-adapted ESM-2 branch,AUPRC,0.872552348268696,0.8513034096815831,0.8932106289352039,2500,class-stratified percentile,AOPP,identity60_coverage80,Contextual peptide-adapted ESM-2 branch
AOPP | identity60_coverage80 | Contextual peptide-adapted ESM-2 branch,ACC,0.6435643564356436,0.6056105610561056,0.6807343234323434,2500,class-stratified percentile,AOPP,identity60_coverage80,Contextual peptide-adapted ESM-2 branch
AOPP | identity60_coverage80 | Contextual peptide-adapted ESM-2 branch,Balanced_ACC,0.67349788647343,0.6350552913647344,0.7114677687198068,2500,class-stratified percentile,AOPP,identity60_coverage80,Contextual peptide-adapted ESM-2 branch
AOPP | identity60_coverage80 | Contextual peptide-adapted ESM-2 branch,F1,0.6940509915014165,0.6570605187319885,0.7310649087221095,2500,class-stratified percentile,AOPP,identity60_coverage80,Contextual peptide-adapted ESM-2 branch
AOPP | identity60_coverage80 | Contextual peptide-adapted ESM-2 branch,Precision,0.839041095890411,0.8038884685707081,0.8754269919494833,2500,class-stratified percentile,AOPP,identity60_coverage80,Contextual peptide-adapted ESM-2 branch
AOPP | identity60_coverage80 | Contextual peptide-adapted ESM-2 branch,Recall,0.5917874396135265,0.5458937198067633,0.6376811594202898,2500,class-stratified percentile,AOPP,identity60_coverage80,Contextual peptide-adapted ESM-2 branch
AOPP | identity60_coverage80 | Contextual peptide-adapted ESM-2 branch,Sensitivity,0.5917874396135265,0.5458937198067633,0.6376811594202898,2500,class-stratified percentile,AOPP,identity60_coverage80,Contextual peptide-adapted ESM-2 branch
AOPP | identity60_coverage80 | Contextual peptide-adapted ESM-2 branch,Specificity,0.7552083333333334,0.6927083333333334,0.8177083333333334,2500,class-stratified percentile,AOPP,identity60_coverage80,Contextual peptide-adapted ESM-2 branch
AOPP | identity60_coverage80 | Contextual peptide-adapted ESM-2 branch,MCC,0.3230864314326128,0.2517047992432987,0.39458409475322465,2500,class-stratified percentile,AOPP,identity60_coverage80,Contextual peptide-adapted ESM-2 branch
AOPP | identity60_coverage80 | Contextual peptide-adapted ESM-2 branch,Brier,0.31798947492461815,0.2848478709982882,0.35136923391224006,2500,class-stratified percentile,AOPP,identity60_coverage80,Contextual peptide-adapted ESM-2 branch
AOPP | identity60_coverage80 | Contextual peptide-adapted ESM-2 branch,LogLoss,2.094573258596727,1.8183221621759307,2.3792571209401765,2500,class-stratified percentile,AOPP,identity60_coverage80,Contextual peptide-adapted ESM-2 branch
AOPP | identity60_coverage80 | Equal probability mean,AUC,0.7630837359098228,0.7267037162842189,0.7986262077294687,2500,class-stratified percentile,AOPP,identity60_coverage80,Equal probability mean
AOPP | identity60_coverage80 | Equal probability mean,AUPRC,0.899794694880724,0.8825272537178472,0.9164435093174121,2500,class-stratified percentile,AOPP,identity60_coverage80,Equal probability mean
AOPP | identity60_coverage80 | Equal probability mean,ACC,0.7013201320132013,0.665016501650165,0.735973597359736,2500,class-stratified percentile,AOPP,identity60_coverage80,Equal probability mean
AOPP | identity60_coverage80 | Equal probability mean,Balanced_ACC,0.7534722222222223,0.7205219655797102,0.7853100467995169,2500,class-stratified percentile,AOPP,identity60_coverage80,Equal probability mean
AOPP | identity60_coverage80 | Equal probability mean,F1,0.7365356622998545,0.6982678941979213,0.7730896543525669,2500,class-stratified percentile,AOPP,identity60_coverage80,Equal probability mean
AOPP | identity60_coverage80 | Equal probability mean,Precision,0.9267399267399268,0.8969858156028369,0.955037712375102,2500,class-stratified percentile,AOPP,identity60_coverage80,Equal probability mean
AOPP | identity60_coverage80 | Equal probability mean,Recall,0.6111111111111112,0.5652173913043478,0.6594202898550725,2500,class-stratified percentile,AOPP,identity60_coverage80,Equal probability mean
AOPP | identity60_coverage80 | Equal probability mean,Sensitivity,0.6111111111111112,0.5652173913043478,0.6594202898550725,2500,class-stratified percentile,AOPP,identity60_coverage80,Equal probability mean
AOPP | identity60_coverage80 | Equal probability mean,Specificity,0.8958333333333334,0.8489583333333334,0.9375,2500,class-stratified percentile,AOPP,identity60_coverage80,Equal probability mean
AOPP | identity60_coverage80 | Equal probability mean,MCC,0.47403205732635634,0.41420802216353747,0.5328885585424848,2500,class-stratified percentile,AOPP,identity60_coverage80,Equal probability mean
AOPP | identity60_coverage80 | Equal probability mean,Brier,0.262920895351578,0.23413565254919705,0.2919549942173828,2500,class-stratified percentile,AOPP,identity60_coverage80,Equal probability mean
AOPP | identity60_coverage80 | Equal probability mean,LogLoss,1.7279259557127016,1.470510797139652,1.9852111319623638,2500,class-stratified percentile,AOPP,identity60_coverage80,Equal probability mean
AOPP | identity60_coverage80 | Equal logit mean,AUC,0.7777211654589372,0.7423067003824477,0.8122086038144122,2500,class-stratified percentile,AOPP,identity60_coverage80,Equal logit mean
AOPP | identity60_coverage80 | Equal logit mean,AUPRC,0.9068232131535076,0.89044149353116,0.9220161662593757,2500,class-stratified percentile,AOPP,identity60_coverage80,Equal logit mean
AOPP | identity60_coverage80 | Equal logit mean,ACC,0.7013201320132013,0.665016501650165,0.735973597359736,2500,class-stratified percentile,AOPP,identity60_coverage80,Equal logit mean
AOPP | identity60_coverage80 | Equal logit mean,Balanced_ACC,0.7534722222222223,0.7205219655797102,0.7853100467995169,2500,class-stratified percentile,AOPP,identity60_coverage80,Equal logit mean
AOPP | identity60_coverage80 | Equal logit mean,F1,0.7365356622998545,0.6982678941979213,0.7730896543525669,2500,class-stratified percentile,AOPP,identity60_coverage80,Equal logit mean
AOPP | identity60_coverage80 | Equal logit mean,Precision,0.9267399267399268,0.8969858156028369,0.955037712375102,2500,class-stratified percentile,AOPP,identity60_coverage80,Equal logit mean
AOPP | identity60_coverage80 | Equal logit mean,Recall,0.6111111111111112,0.5652173913043478,0.6594202898550725,2500,class-stratified percentile,AOPP,identity60_coverage80,Equal logit mean
AOPP | identity60_coverage80 | Equal logit mean,Sensitivity,0.6111111111111112,0.5652173913043478,0.6594202898550725,2500,class-stratified percentile,AOPP,identity60_coverage80,Equal logit mean
AOPP | identity60_coverage80 | Equal logit mean,Specificity,0.8958333333333334,0.8489583333333334,0.9375,2500,class-stratified percentile,AOPP,identity60_coverage80,Equal logit mean
AOPP | identity60_coverage80 | Equal logit mean,MCC,0.47403205732635634,0.41420802216353747,0.5328885585424848,2500,class-stratified percentile,AOPP,identity60_coverage80,Equal logit mean
AOPP | identity60_coverage80 | Equal logit mean,Brier,0.2741994248628743,0.24206672152923792,0.3063947757181782,2500,class-stratified percentile,AOPP,identity60_coverage80,Equal logit mean
AOPP | identity60_coverage80 | Equal logit mean,LogLoss,2.0217782812519753,1.741650703898669,2.303050321574187,2500,class-stratified percentile,AOPP,identity60_coverage80,Equal logit mean
AOPP | identity60_coverage80 | Cross-fitted logistic fusion,AUC,0.78299240136876,0.7479427712359098,0.8172357777274557,2500,class-stratified percentile,AOPP,identity60_coverage80,Cross-fitted logistic fusion
AOPP | identity60_coverage80 | Cross-fitted logistic fusion,AUPRC,0.9093666809163081,0.8936201991804893,0.9244249173750901,2500,class-stratified percentile,AOPP,identity60_coverage80,Cross-fitted logistic fusion
AOPP | identity60_coverage80 | Cross-fitted logistic fusion,ACC,0.7062706270627063,0.6716171617161716,0.740924092409241,2500,class-stratified percentile,AOPP,identity60_coverage80,Cross-fitted logistic fusion
AOPP | identity60_coverage80 | Cross-fitted logistic fusion,Balanced_ACC,0.7584918478260869,0.7262369791666666,0.7896286231884058,2500,class-stratified percentile,AOPP,identity60_coverage80,Cross-fitted logistic fusion
AOPP | identity60_coverage80 | Cross-fitted logistic fusion,F1,0.7412790697674418,0.7034202366779794,0.7765920308787146,2500,class-stratified percentile,AOPP,identity60_coverage80,Cross-fitted logistic fusion
AOPP | identity60_coverage80 | Cross-fitted logistic fusion,Precision,0.9306569343065694,0.9018867924528302,0.9573643410852714,2500,class-stratified percentile,AOPP,identity60_coverage80,Cross-fitted logistic fusion
AOPP | identity60_coverage80 | Cross-fitted logistic fusion,Recall,0.6159420289855072,0.5700483091787439,0.6618357487922706,2500,class-stratified percentile,AOPP,identity60_coverage80,Cross-fitted logistic fusion
AOPP | identity60_coverage80 | Cross-fitted logistic fusion,Sensitivity,0.6159420289855072,0.5700483091787439,0.6618357487922706,2500,class-stratified percentile,AOPP,identity60_coverage80,Cross-fitted logistic fusion
AOPP | identity60_coverage80 | Cross-fitted logistic fusion,Specificity,0.9010416666666666,0.859375,0.9427083333333334,2500,class-stratified percentile,AOPP,identity60_coverage80,Cross-fitted logistic fusion
AOPP | identity60_coverage80 | Cross-fitted logistic fusion,MCC,0.4832627360963334,0.42379086099388297,0.5401687703619087,2500,class-stratified percentile,AOPP,identity60_coverage80,Cross-fitted logistic fusion
AOPP | identity60_coverage80 | Cross-fitted logistic fusion,Brier,0.23362039203897897,0.2078077828557118,0.2593750169367058,2500,class-stratified percentile,AOPP,identity60_coverage80,Cross-fitted logistic fusion
AOPP | identity60_coverage80 | Cross-fitted logistic fusion,LogLoss,0.7965332333609839,0.7034063924948635,0.8871147129957171,2500,class-stratified percentile,AOPP,identity60_coverage80,Cross-fitted logistic fusion
AnOxPP | exact_overlap_only | Length LR,AUC,0.47361160555357773,0.42093271626913487,0.52796674750801,2500,class-stratified percentile,AnOxPP,exact_overlap_only,Length LR
AnOxPP | exact_overlap_only | Length LR,AUPRC,0.4802673012777038,0.4527778061090707,0.5220534255618691,2500,class-stratified percentile,AnOxPP,exact_overlap_only,Length LR
AnOxPP | exact_overlap_only | Length LR,ACC,0.4882075471698113,0.45047169811320753,0.5235849056603774,2500,class-stratified percentile,AnOxPP,exact_overlap_only,Length LR
AnOxPP | exact_overlap_only | Length LR,Balanced_ACC,0.48820754716981135,0.4504716981132076,0.5235849056603774,2500,class-stratified percentile,AnOxPP,exact_overlap_only,Length LR
AnOxPP | exact_overlap_only | Length LR,F1,0.2332155477031802,0.16727272727272727,0.29846574858757063,2500,class-stratified percentile,AnOxPP,exact_overlap_only,Length LR
AnOxPP | exact_overlap_only | Length LR,Precision,0.4647887323943662,0.35171298058622,0.5714285714285714,2500,class-stratified percentile,AnOxPP,exact_overlap_only,Length LR
AnOxPP | exact_overlap_only | Length LR,Recall,0.15566037735849056,0.10849056603773585,0.20754716981132076,2500,class-stratified percentile,AnOxPP,exact_overlap_only,Length LR
AnOxPP | exact_overlap_only | Length LR,Sensitivity,0.15566037735849056,0.10849056603773585,0.20754716981132076,2500,class-stratified percentile,AnOxPP,exact_overlap_only,Length LR
AnOxPP | exact_overlap_only | Length LR,Specificity,0.8207547169811321,0.7641509433962265,0.8726415094339622,2500,class-stratified percentile,AnOxPP,exact_overlap_only,Length LR
AnOxPP | exact_overlap_only | Length LR,MCC,-0.03158300705185018,-0.1312860454010317,0.06352568386163805,2500,class-stratified percentile,AnOxPP,exact_overlap_only,Length LR
AnOxPP | exact_overlap_only | Length LR,Brier,0.2509349015357246,0.24979113504161432,0.2520667727955199,2500,class-stratified percentile,AnOxPP,exact_overlap_only,Length LR
AnOxPP | exact_overlap_only | Length LR,LogLoss,0.6950187863327933,0.6927295549440763,0.6972845081376651,2500,class-stratified percentile,AnOxPP,exact_overlap_only,Length LR
AnOxPP | exact_overlap_only | AAC plus DPC plus length RF,AUC,0.9898651655393378,0.9812861561053755,0.9965126045745817,2500,class-stratified percentile,AnOxPP,exact_overlap_only,AAC plus DPC plus length RF
AnOxPP | exact_overlap_only | AAC plus DPC plus length RF,AUPRC,0.9918012110260531,0.9854588394511847,0.996812953528422,2500,class-stratified percentile,AnOxPP,exact_overlap_only,AAC plus DPC plus length RF
AnOxPP | exact_overlap_only | AAC plus DPC plus length RF,ACC,0.9599056603773585,0.9410377358490566,0.9764150943396226,2500,class-stratified percentile,AnOxPP,exact_overlap_only,AAC plus DPC plus length RF
AnOxPP | exact_overlap_only | AAC plus DPC plus length RF,Balanced_ACC,0.9599056603773585,0.9410377358490566,0.9764150943396226,2500,class-stratified percentile,AnOxPP,exact_overlap_only,AAC plus DPC plus length RF
AnOxPP | exact_overlap_only | AAC plus DPC plus length RF,F1,0.9588377723970944,0.9385749385749386,0.9761363636363636,2500,class-stratified percentile,AnOxPP,exact_overlap_only,AAC plus DPC plus length RF
AnOxPP | exact_overlap_only | AAC plus DPC plus length RF,Precision,0.9850746268656716,0.9663461538461539,1.0,2500,class-stratified percentile,AnOxPP,exact_overlap_only,AAC plus DPC plus length RF
AnOxPP | exact_overlap_only | AAC plus DPC plus length RF,Recall,0.9339622641509434,0.9009433962264151,0.9647405660377363,2500,class-stratified percentile,AnOxPP,exact_overlap_only,AAC plus DPC plus length RF
AnOxPP | exact_overlap_only | AAC plus DPC plus length RF,Sensitivity,0.9339622641509434,0.9009433962264151,0.9647405660377363,2500,class-stratified percentile,AnOxPP,exact_overlap_only,AAC plus DPC plus length RF
AnOxPP | exact_overlap_only | AAC plus DPC plus length RF,Specificity,0.9858490566037735,0.9669811320754716,1.0,2500,class-stratified percentile,AnOxPP,exact_overlap_only,AAC plus DPC plus length RF
AnOxPP | exact_overlap_only | AAC plus DPC plus length RF,MCC,0.92105200253809,0.8849251939080065,0.9535093264623183,2500,class-stratified percentile,AnOxPP,exact_overlap_only,AAC plus DPC plus length RF
AnOxPP | exact_overlap_only | AAC plus DPC plus length RF,Brier,0.06470414150943868,0.05663441886793161,0.07322862641509659,2500,class-stratified percentile,AnOxPP,exact_overlap_only,AAC plus DPC plus length RF
AnOxPP | exact_overlap_only | AAC plus DPC plus length RF,LogLoss,0.24837153957328542,0.227347551473508,0.27029160629562493,2500,class-stratified percentile,AnOxPP,exact_overlap_only,AAC plus DPC plus length RF
AnOxPP | exact_overlap_only | Molecular ECFP4 branch,AUC,0.9806203275186899,0.9677470852616589,0.9907662869348522,2500,class-stratified percentile,AnOxPP,exact_overlap_only,Molecular ECFP4 branch
AnOxPP | exact_overlap_only | Molecular ECFP4 branch,AUPRC,0.9843191478405029,0.9750888493965849,0.991685064256958,2500,class-stratified percentile,AnOxPP,exact_overlap_only,Molecular ECFP4 branch
AnOxPP | exact_overlap_only | Molecular ECFP4 branch,ACC,0.9363207547169812,0.9114976415094339,0.9575471698113207,2500,class-stratified percentile,AnOxPP,exact_overlap_only,Molecular ECFP4 branch
AnOxPP | exact_overlap_only | Molecular ECFP4 branch,Balanced_ACC,0.9363207547169812,0.911497641509434,0.9575471698113207,2500,class-stratified percentile,AnOxPP,exact_overlap_only,Molecular ECFP4 branch
AnOxPP | exact_overlap_only | Molecular ECFP4 branch,F1,0.9370629370629371,0.9125295508274232,0.9577464788732394,2500,class-stratified percentile,AnOxPP,exact_overlap_only,Molecular ECFP4 branch
AnOxPP | exact_overlap_only | Molecular ECFP4 branch,Precision,0.9262672811059908,0.8935575221238937,0.9572494922139473,2500,class-stratified percentile,AnOxPP,exact_overlap_only,Molecular ECFP4 branch
AnOxPP | exact_overlap_only | Molecular ECFP4 branch,Recall,0.9481132075471698,0.9150943396226415,0.9764150943396226,2500,class-stratified percentile,AnOxPP,exact_overlap_only,Molecular ECFP4 branch
AnOxPP | exact_overlap_only | Molecular ECFP4 branch,Sensitivity,0.9481132075471698,0.9150943396226415,0.9764150943396226,2500,class-stratified percentile,AnOxPP,exact_overlap_only,Molecular ECFP4 branch
AnOxPP | exact_overlap_only | Molecular ECFP4 branch,Specificity,0.9245283018867925,0.8867924528301887,0.9575471698113207,2500,class-stratified percentile,AnOxPP,exact_overlap_only,Molecular ECFP4 branch
AnOxPP | exact_overlap_only | Molecular ECFP4 branch,MCC,0.8728843131819439,0.8253387056032527,0.9151350638762218,2500,class-stratified percentile,AnOxPP,exact_overlap_only,Molecular ECFP4 branch
AnOxPP | exact_overlap_only | Molecular ECFP4 branch,Brier,0.05553650684944915,0.03790798417157984,0.07550317956936198,2500,class-stratified percentile,AnOxPP,exact_overlap_only,Molecular ECFP4 branch
AnOxPP | exact_overlap_only | Molecular ECFP4 branch,LogLoss,0.2197496379708603,0.14173413913445923,0.3111551780048052,2500,class-stratified percentile,AnOxPP,exact_overlap_only,Molecular ECFP4 branch
AnOxPP | exact_overlap_only | Contextual peptide-adapted ESM-2 branch,AUC,0.9210795656817373,0.8953914871840513,0.9446995149519403,2500,class-stratified percentile,AnOxPP,exact_overlap_only,Contextual peptide-adapted ESM-2 branch
AnOxPP | exact_overlap_only | Contextual peptide-adapted ESM-2 branch,AUPRC,0.930281254865138,0.9073606351977203,0.9514488326535149,2500,class-stratified percentile,AnOxPP,exact_overlap_only,Contextual peptide-adapted ESM-2 branch
AnOxPP | exact_overlap_only | Contextual peptide-adapted ESM-2 branch,ACC,0.8325471698113207,0.7971698113207547,0.8679245283018868,2500,class-stratified percentile,AnOxPP,exact_overlap_only,Contextual peptide-adapted ESM-2 branch
AnOxPP | exact_overlap_only | Contextual peptide-adapted ESM-2 branch,Balanced_ACC,0.8325471698113207,0.7971698113207547,0.8679245283018868,2500,class-stratified percentile,AnOxPP,exact_overlap_only,Contextual peptide-adapted ESM-2 branch
AnOxPP | exact_overlap_only | Contextual peptide-adapted ESM-2 branch,F1,0.8367816091954023,0.8018215219828123,0.8710430107526882,2500,class-stratified percentile,AnOxPP,exact_overlap_only,Contextual peptide-adapted ESM-2 branch
AnOxPP | exact_overlap_only | Contextual peptide-adapted ESM-2 branch,Precision,0.8161434977578476,0.7756773399014778,0.8581493864831526,2500,class-stratified percentile,AnOxPP,exact_overlap_only,Contextual peptide-adapted ESM-2 branch
AnOxPP | exact_overlap_only | Contextual peptide-adapted ESM-2 branch,Recall,0.8584905660377359,0.8113207547169812,0.9056603773584906,2500,class-stratified percentile,AnOxPP,exact_overlap_only,Contextual peptide-adapted ESM-2 branch
AnOxPP | exact_overlap_only | Contextual peptide-adapted ESM-2 branch,Sensitivity,0.8584905660377359,0.8113207547169812,0.9056603773584906,2500,class-stratified percentile,AnOxPP,exact_overlap_only,Contextual peptide-adapted ESM-2 branch
AnOxPP | exact_overlap_only | Contextual peptide-adapted ESM-2 branch,Specificity,0.8066037735849056,0.75,0.8584905660377359,2500,class-stratified percentile,AnOxPP,exact_overlap_only,Contextual peptide-adapted ESM-2 branch
AnOxPP | exact_overlap_only | Contextual peptide-adapted ESM-2 branch,MCC,0.6659914479890805,0.5951406837013381,0.7363240495135093,2500,class-stratified percentile,AnOxPP,exact_overlap_only,Contextual peptide-adapted ESM-2 branch
AnOxPP | exact_overlap_only | Contextual peptide-adapted ESM-2 branch,Brier,0.13754866095492926,0.10960430161672301,0.16608835342608755,2500,class-stratified percentile,AnOxPP,exact_overlap_only,Contextual peptide-adapted ESM-2 branch
AnOxPP | exact_overlap_only | Contextual peptide-adapted ESM-2 branch,LogLoss,0.6273728931678326,0.46570765840890116,0.7986811714545683,2500,class-stratified percentile,AnOxPP,exact_overlap_only,Contextual peptide-adapted ESM-2 branch
AnOxPP | exact_overlap_only | Equal probability mean,AUC,0.975436098255607,0.9623086507653968,0.9870060519757922,2500,class-stratified percentile,AnOxPP,exact_overlap_only,Equal probability mean
AnOxPP | exact_overlap_only | Equal probability mean,AUPRC,0.9790901265495213,0.968654024095895,0.9886169228031668,2500,class-stratified percentile,AnOxPP,exact_overlap_only,Equal probability mean
AnOxPP | exact_overlap_only | Equal probability mean,ACC,0.9292452830188679,0.9044221698113207,0.9551886792452831,2500,class-stratified percentile,AnOxPP,exact_overlap_only,Equal probability mean
AnOxPP | exact_overlap_only | Equal probability mean,Balanced_ACC,0.9292452830188679,0.9044221698113207,0.9551886792452831,2500,class-stratified percentile,AnOxPP,exact_overlap_only,Equal probability mean
AnOxPP | exact_overlap_only | Equal probability mean,F1,0.9299065420560748,0.9056603773584906,0.9552941176470588,2500,class-stratified percentile,AnOxPP,exact_overlap_only,Equal probability mean
AnOxPP | exact_overlap_only | Equal probability mean,Precision,0.9212962962962963,0.8893805309734514,0.9557791219936251,2500,class-stratified percentile,AnOxPP,exact_overlap_only,Equal probability mean
AnOxPP | exact_overlap_only | Equal probability mean,Recall,0.9386792452830188,0.9056603773584906,0.9716981132075472,2500,class-stratified percentile,AnOxPP,exact_overlap_only,Equal probability mean
AnOxPP | exact_overlap_only | Equal probability mean,Sensitivity,0.9386792452830188,0.9056603773584906,0.9716981132075472,2500,class-stratified percentile,AnOxPP,exact_overlap_only,Equal probability mean
AnOxPP | exact_overlap_only | Equal probability mean,Specificity,0.9198113207547169,0.8820754716981132,0.9575471698113207,2500,class-stratified percentile,AnOxPP,exact_overlap_only,Equal probability mean
AnOxPP | exact_overlap_only | Equal probability mean,MCC,0.8586434175596518,0.8105553434431804,0.9103874865671796,2500,class-stratified percentile,AnOxPP,exact_overlap_only,Equal probability mean
AnOxPP | exact_overlap_only | Equal probability mean,Brier,0.0634725849981188,0.0489713024396842,0.07884709237458098,2500,class-stratified percentile,AnOxPP,exact_overlap_only,Equal probability mean
AnOxPP | exact_overlap_only | Equal probability mean,LogLoss,0.21262651338199856,0.1614078718334896,0.26832647115454383,2500,class-stratified percentile,AnOxPP,exact_overlap_only,Equal probability mean
AnOxPP | exact_overlap_only | Equal logit mean,AUC,0.977438590245639,0.9647667096831612,0.9893901299394802,2500,class-stratified percentile,AnOxPP,exact_overlap_only,Equal logit mean
AnOxPP | exact_overlap_only | Equal logit mean,AUPRC,0.9817662276222178,0.9720417673135302,0.9910671398174976,2500,class-stratified percentile,AnOxPP,exact_overlap_only,Equal logit mean
AnOxPP | exact_overlap_only | Equal logit mean,ACC,0.9292452830188679,0.9044221698113207,0.9551886792452831,2500,class-stratified percentile,AnOxPP,exact_overlap_only,Equal logit mean
AnOxPP | exact_overlap_only | Equal logit mean,Balanced_ACC,0.9292452830188679,0.9044221698113207,0.9551886792452831,2500,class-stratified percentile,AnOxPP,exact_overlap_only,Equal logit mean
AnOxPP | exact_overlap_only | Equal logit mean,F1,0.9299065420560748,0.9056603773584906,0.9552941176470588,2500,class-stratified percentile,AnOxPP,exact_overlap_only,Equal logit mean
AnOxPP | exact_overlap_only | Equal logit mean,Precision,0.9212962962962963,0.8893805309734514,0.9557791219936251,2500,class-stratified percentile,AnOxPP,exact_overlap_only,Equal logit mean
AnOxPP | exact_overlap_only | Equal logit mean,Recall,0.9386792452830188,0.9056603773584906,0.9716981132075472,2500,class-stratified percentile,AnOxPP,exact_overlap_only,Equal logit mean
AnOxPP | exact_overlap_only | Equal logit mean,Sensitivity,0.9386792452830188,0.9056603773584906,0.9716981132075472,2500,class-stratified percentile,AnOxPP,exact_overlap_only,Equal logit mean
AnOxPP | exact_overlap_only | Equal logit mean,Specificity,0.9198113207547169,0.8820754716981132,0.9575471698113207,2500,class-stratified percentile,AnOxPP,exact_overlap_only,Equal logit mean
AnOxPP | exact_overlap_only | Equal logit mean,MCC,0.8586434175596518,0.8105553434431804,0.9103874865671796,2500,class-stratified percentile,AnOxPP,exact_overlap_only,Equal logit mean
AnOxPP | exact_overlap_only | Equal logit mean,Brier,0.055483361801451046,0.03664540011916489,0.0742688907182402,2500,class-stratified percentile,AnOxPP,exact_overlap_only,Equal logit mean
AnOxPP | exact_overlap_only | Equal logit mean,LogLoss,0.22731375429863301,0.14089051065948296,0.3157374048530324,2500,class-stratified percentile,AnOxPP,exact_overlap_only,Equal logit mean
AnOxPP | exact_overlap_only | Cross-fitted logistic fusion,AUC,0.9834015663937344,0.9722966358134567,0.9922687121751513,2500,class-stratified percentile,AnOxPP,exact_overlap_only,Cross-fitted logistic fusion
AnOxPP | exact_overlap_only | Cross-fitted logistic fusion,AUPRC,0.9865346720455297,0.9783279216254022,0.993354978852061,2500,class-stratified percentile,AnOxPP,exact_overlap_only,Cross-fitted logistic fusion
AnOxPP | exact_overlap_only | Cross-fitted logistic fusion,ACC,0.9316037735849056,0.9080188679245284,0.9551886792452831,2500,class-stratified percentile,AnOxPP,exact_overlap_only,Cross-fitted logistic fusion
AnOxPP | exact_overlap_only | Cross-fitted logistic fusion,Balanced_ACC,0.9316037735849056,0.9080188679245282,0.9551886792452831,2500,class-stratified percentile,AnOxPP,exact_overlap_only,Cross-fitted logistic fusion
AnOxPP | exact_overlap_only | Cross-fitted logistic fusion,F1,0.9327146171693735,0.9099411140177096,0.955503512880562,2500,class-stratified percentile,AnOxPP,exact_overlap_only,Cross-fitted logistic fusion
AnOxPP | exact_overlap_only | Cross-fitted logistic fusion,Precision,0.9178082191780822,0.8854625550660793,0.9521531100478469,2500,class-stratified percentile,AnOxPP,exact_overlap_only,Cross-fitted logistic fusion
AnOxPP | exact_overlap_only | Cross-fitted logistic fusion,Recall,0.9481132075471698,0.9198113207547169,0.9764150943396226,2500,class-stratified percentile,AnOxPP,exact_overlap_only,Cross-fitted logistic fusion
AnOxPP | exact_overlap_only | Cross-fitted logistic fusion,Sensitivity,0.9481132075471698,0.9198113207547169,0.9764150943396226,2500,class-stratified percentile,AnOxPP,exact_overlap_only,Cross-fitted logistic fusion
AnOxPP | exact_overlap_only | Cross-fitted logistic fusion,Specificity,0.9150943396226415,0.8773584905660378,0.9528301886792453,2500,class-stratified percentile,AnOxPP,exact_overlap_only,Cross-fitted logistic fusion
AnOxPP | exact_overlap_only | Cross-fitted logistic fusion,MCC,0.8636784864163456,0.8171384432773825,0.9104685233509765,2500,class-stratified percentile,AnOxPP,exact_overlap_only,Cross-fitted logistic fusion
AnOxPP | exact_overlap_only | Cross-fitted logistic fusion,Brier,0.05460749538304397,0.04377785083904375,0.06616438281464601,2500,class-stratified percentile,AnOxPP,exact_overlap_only,Cross-fitted logistic fusion
AnOxPP | exact_overlap_only | Cross-fitted logistic fusion,LogLoss,0.20050661417724788,0.1730283879061692,0.22986837170336047,2500,class-stratified percentile,AnOxPP,exact_overlap_only,Cross-fitted logistic fusion
AnOxPP | identity60_coverage80 | Length LR,AUC,0.47361160555357773,0.42093271626913487,0.52796674750801,2500,class-stratified percentile,AnOxPP,identity60_coverage80,Length LR
AnOxPP | identity60_coverage80 | Length LR,AUPRC,0.4802673012777038,0.4527778061090707,0.5220534255618691,2500,class-stratified percentile,AnOxPP,identity60_coverage80,Length LR
AnOxPP | identity60_coverage80 | Length LR,ACC,0.49528301886792453,0.4716981132075472,0.5188679245283019,2500,class-stratified percentile,AnOxPP,identity60_coverage80,Length LR
AnOxPP | identity60_coverage80 | Length LR,Balanced_ACC,0.49528301886792453,0.4716981132075472,0.5188679245283019,2500,class-stratified percentile,AnOxPP,identity60_coverage80,Length LR
AnOxPP | identity60_coverage80 | Length LR,F1,0.10833333333333334,0.058823529411764705,0.16597510373443983,2500,class-stratified percentile,AnOxPP,identity60_coverage80,Length LR
AnOxPP | identity60_coverage80 | Length LR,Precision,0.4642857142857143,0.28,0.65,2500,class-stratified percentile,AnOxPP,identity60_coverage80,Length LR
AnOxPP | identity60_coverage80 | Length LR,Recall,0.06132075471698113,0.0330188679245283,0.09433962264150944,2500,class-stratified percentile,AnOxPP,identity60_coverage80,Length LR
AnOxPP | identity60_coverage80 | Length LR,Sensitivity,0.06132075471698113,0.0330188679245283,0.09433962264150944,2500,class-stratified percentile,AnOxPP,identity60_coverage80,Length LR
AnOxPP | identity60_coverage80 | Length LR,Specificity,0.9292452830188679,0.8962264150943396,0.9622641509433962,2500,class-stratified percentile,AnOxPP,identity60_coverage80,Length LR
AnOxPP | identity60_coverage80 | Length LR,MCC,-0.018993429409939658,-0.11697706772393275,0.07597371763975863,2500,class-stratified percentile,AnOxPP,identity60_coverage80,Length LR
AnOxPP | identity60_coverage80 | Length LR,Brier,0.25330941808369717,0.25136487434182747,0.25521844090933465,2500,class-stratified percentile,AnOxPP,identity60_coverage80,Length LR
AnOxPP | identity60_coverage80 | Length LR,LogLoss,0.699803398589611,0.6958928067127897,0.7036343297617543,2500,class-stratified percentile,AnOxPP,identity60_coverage80,Length LR
AnOxPP | identity60_coverage80 | AAC plus DPC plus length RF,AUC,0.9846030615877537,0.9743060809006764,0.992936209505162,2500,class-stratified percentile,AnOxPP,identity60_coverage80,AAC plus DPC plus length RF
AnOxPP | identity60_coverage80 | AAC plus DPC plus length RF,AUPRC,0.9873114514178889,0.979387114298378,0.9938772599543355,2500,class-stratified percentile,AnOxPP,identity60_coverage80,AAC plus DPC plus length RF
AnOxPP | identity60_coverage80 | AAC plus DPC plus length RF,ACC,0.9410377358490566,0.9198113207547169,0.9622641509433962,2500,class-stratified percentile,AnOxPP,identity60_coverage80,AAC plus DPC plus length RF
AnOxPP | identity60_coverage80 | AAC plus DPC plus length RF,Balanced_ACC,0.9410377358490566,0.9198113207547169,0.9622641509433962,2500,class-stratified percentile,AnOxPP,identity60_coverage80,AAC plus DPC plus length RF
AnOxPP | identity60_coverage80 | AAC plus DPC plus length RF,F1,0.9388753056234719,0.914572864321608,0.9611650485436893,2500,class-stratified percentile,AnOxPP,identity60_coverage80,AAC plus DPC plus length RF
AnOxPP | identity60_coverage80 | AAC plus DPC plus length RF,Precision,0.9746192893401016,0.9522477670433831,0.9947916666666666,2500,class-stratified percentile,AnOxPP,identity60_coverage80,AAC plus DPC plus length RF
AnOxPP | identity60_coverage80 | AAC plus DPC plus length RF,Recall,0.9056603773584906,0.8679245283018868,0.9433962264150944,2500,class-stratified percentile,AnOxPP,identity60_coverage80,AAC plus DPC plus length RF
AnOxPP | identity60_coverage80 | AAC plus DPC plus length RF,Sensitivity,0.9056603773584906,0.8679245283018868,0.9433962264150944,2500,class-stratified percentile,AnOxPP,identity60_coverage80,AAC plus DPC plus length RF
AnOxPP | identity60_coverage80 | AAC plus DPC plus length RF,Specificity,0.9764150943396226,0.9528301886792453,0.9952830188679245,2500,class-stratified percentile,AnOxPP,identity60_coverage80,AAC plus DPC plus length RF
AnOxPP | identity60_coverage80 | AAC plus DPC plus length RF,MCC,0.8842917328464673,0.8426655111037623,0.9251872672604673,2500,class-stratified percentile,AnOxPP,identity60_coverage80,AAC plus DPC plus length RF
AnOxPP | identity60_coverage80 | AAC plus DPC plus length RF,Brier,0.07325885849056604,0.06434620518867926,0.08298549009433964,2500,class-stratified percentile,AnOxPP,identity60_coverage80,AAC plus DPC plus length RF
AnOxPP | identity60_coverage80 | AAC plus DPC plus length RF,LogLoss,0.27215106102914455,0.24948821175206928,0.2963909649007276,2500,class-stratified percentile,AnOxPP,identity60_coverage80,AAC plus DPC plus length RF
AnOxPP | identity60_coverage80 | Molecular ECFP4 branch,AUC,0.9807315770736917,0.9695949403702386,0.9895764729441082,2500,class-stratified percentile,AnOxPP,identity60_coverage80,Molecular ECFP4 branch
AnOxPP | identity60_coverage80 | Molecular ECFP4 branch,AUPRC,0.9830500240815745,0.9737888279219087,0.9905201423233974,2500,class-stratified percentile,AnOxPP,identity60_coverage80,Molecular ECFP4 branch
AnOxPP | identity60_coverage80 | Molecular ECFP4 branch,ACC,0.9268867924528302,0.9009433962264151,0.9504716981132075,2500,class-stratified percentile,AnOxPP,identity60_coverage80,Molecular ECFP4 branch
AnOxPP | identity60_coverage80 | Molecular ECFP4 branch,Balanced_ACC,0.9268867924528301,0.9009433962264151,0.9504716981132075,2500,class-stratified percentile,AnOxPP,identity60_coverage80,Molecular ECFP4 branch
AnOxPP | identity60_coverage80 | Molecular ECFP4 branch,F1,0.927400468384075,0.9014084507042254,0.9507097396335583,2500,class-stratified percentile,AnOxPP,identity60_coverage80,Molecular ECFP4 branch
AnOxPP | identity60_coverage80 | Molecular ECFP4 branch,Precision,0.9209302325581395,0.8878923766816144,0.9524994357932747,2500,class-stratified percentile,AnOxPP,identity60_coverage80,Molecular ECFP4 branch
AnOxPP | identity60_coverage80 | Molecular ECFP4 branch,Recall,0.9339622641509434,0.9009433962264151,0.9622641509433962,2500,class-stratified percentile,AnOxPP,identity60_coverage80,Molecular ECFP4 branch
AnOxPP | identity60_coverage80 | Molecular ECFP4 branch,Sensitivity,0.9339622641509434,0.9009433962264151,0.9622641509433962,2500,class-stratified percentile,AnOxPP,identity60_coverage80,Molecular ECFP4 branch
AnOxPP | identity60_coverage80 | Molecular ECFP4 branch,Specificity,0.9198113207547169,0.8820754716981132,0.9528301886792453,2500,class-stratified percentile,AnOxPP,identity60_coverage80,Molecular ECFP4 branch
AnOxPP | identity60_coverage80 | Molecular ECFP4 branch,MCC,0.8538590814845946,0.8022081398901819,0.9010336163732461,2500,class-stratified percentile,AnOxPP,identity60_coverage80,Molecular ECFP4 branch
AnOxPP | identity60_coverage80 | Molecular ECFP4 branch,Brier,0.061561309265719066,0.04245341434315437,0.08216918348134353,2500,class-stratified percentile,AnOxPP,identity60_coverage80,Molecular ECFP4 branch
AnOxPP | identity60_coverage80 | Molecular ECFP4 branch,LogLoss,0.23933860120772463,0.15998007826879695,0.33034256082528957,2500,class-stratified percentile,AnOxPP,identity60_coverage80,Molecular ECFP4 branch
AnOxPP | identity60_coverage80 | Contextual peptide-adapted ESM-2 branch,AUC,0.9053488786044855,0.8746768200427197,0.9334327162691349,2500,class-stratified percentile,AnOxPP,identity60_coverage80,Contextual peptide-adapted ESM-2 branch
AnOxPP | identity60_coverage80 | Contextual peptide-adapted ESM-2 branch,AUPRC,0.9121207631558901,0.8831481765273428,0.9380595341810108,2500,class-stratified percentile,AnOxPP,identity60_coverage80,Contextual peptide-adapted ESM-2 branch
AnOxPP | identity60_coverage80 | Contextual peptide-adapted ESM-2 branch,ACC,0.8231132075471698,0.785377358490566,0.8561320754716981,2500,class-stratified percentile,AnOxPP,identity60_coverage80,Contextual peptide-adapted ESM-2 branch
AnOxPP | identity60_coverage80 | Contextual peptide-adapted ESM-2 branch,Balanced_ACC,0.8231132075471699,0.7853773584905661,0.8561320754716981,2500,class-stratified percentile,AnOxPP,identity60_coverage80,Contextual peptide-adapted ESM-2 branch
AnOxPP | identity60_coverage80 | Contextual peptide-adapted ESM-2 branch,F1,0.8299319727891157,0.7949566382844528,0.8623024830699775,2500,class-stratified percentile,AnOxPP,identity60_coverage80,Contextual peptide-adapted ESM-2 branch
AnOxPP | identity60_coverage80 | Contextual peptide-adapted ESM-2 branch,Precision,0.7991266375545851,0.7583287024173382,0.8411214953271028,2500,class-stratified percentile,AnOxPP,identity60_coverage80,Contextual peptide-adapted ESM-2 branch
AnOxPP | identity60_coverage80 | Contextual peptide-adapted ESM-2 branch,Recall,0.8632075471698113,0.8160377358490566,0.9056603773584906,2500,class-stratified percentile,AnOxPP,identity60_coverage80,Contextual peptide-adapted ESM-2 branch
AnOxPP | identity60_coverage80 | Contextual peptide-adapted ESM-2 branch,Sensitivity,0.8632075471698113,0.8160377358490566,0.9056603773584906,2500,class-stratified percentile,AnOxPP,identity60_coverage80,Contextual peptide-adapted ESM-2 branch
AnOxPP | identity60_coverage80 | Contextual peptide-adapted ESM-2 branch,Specificity,0.7830188679245284,0.7264150943396226,0.8349056603773585,2500,class-stratified percentile,AnOxPP,identity60_coverage80,Contextual peptide-adapted ESM-2 branch
AnOxPP | identity60_coverage80 | Contextual peptide-adapted ESM-2 branch,MCC,0.6483141794941011,0.5747597161901641,0.7157845221798329,2500,class-stratified percentile,AnOxPP,identity60_coverage80,Contextual peptide-adapted ESM-2 branch
AnOxPP | identity60_coverage80 | Contextual peptide-adapted ESM-2 branch,Brier,0.1408787524995674,0.11233827792221708,0.17108604823671167,2500,class-stratified percentile,AnOxPP,identity60_coverage80,Contextual peptide-adapted ESM-2 branch
AnOxPP | identity60_coverage80 | Contextual peptide-adapted ESM-2 branch,LogLoss,0.7382621926424939,0.5477469385462402,0.9472495708088122,2500,class-stratified percentile,AnOxPP,identity60_coverage80,Contextual peptide-adapted ESM-2 branch
AnOxPP | identity60_coverage80 | Equal probability mean,AUC,0.9684718761124954,0.9527400765396938,0.9823897516909933,2500,class-stratified percentile,AnOxPP,identity60_coverage80,Equal probability mean
AnOxPP | identity60_coverage80 | Equal probability mean,AUPRC,0.9731387122163888,0.9602061730868194,0.9847517597252954,2500,class-stratified percentile,AnOxPP,identity60_coverage80,Equal probability mean
AnOxPP | identity60_coverage80 | Equal probability mean,ACC,0.9292452830188679,0.9033018867924528,0.9528301886792453,2500,class-stratified percentile,AnOxPP,identity60_coverage80,Equal probability mean
AnOxPP | identity60_coverage80 | Equal probability mean,Balanced_ACC,0.9292452830188679,0.9033018867924528,0.9528301886792453,2500,class-stratified percentile,AnOxPP,identity60_coverage80,Equal probability mean
AnOxPP | identity60_coverage80 | Equal probability mean,F1,0.9299065420560748,0.9047619047619048,0.9530516431924883,2500,class-stratified percentile,AnOxPP,identity60_coverage80,Equal probability mean
AnOxPP | identity60_coverage80 | Equal probability mean,Precision,0.9212962962962963,0.8876272573021452,0.95260663507109,2500,class-stratified percentile,AnOxPP,identity60_coverage80,Equal probability mean
AnOxPP | identity60_coverage80 | Equal probability mean,Recall,0.9386792452830188,0.9056603773584906,0.9694575471698117,2500,class-stratified percentile,AnOxPP,identity60_coverage80,Equal probability mean
AnOxPP | identity60_coverage80 | Equal probability mean,Sensitivity,0.9386792452830188,0.9056603773584906,0.9694575471698117,2500,class-stratified percentile,AnOxPP,identity60_coverage80,Equal probability mean
AnOxPP | identity60_coverage80 | Equal probability mean,Specificity,0.9198113207547169,0.8820754716981132,0.9528301886792453,2500,class-stratified percentile,AnOxPP,identity60_coverage80,Equal probability mean
AnOxPP | identity60_coverage80 | Equal probability mean,MCC,0.8586434175596518,0.8071805241618006,0.9058216273156766,2500,class-stratified percentile,AnOxPP,identity60_coverage80,Equal probability mean
AnOxPP | identity60_coverage80 | Equal probability mean,Brier,0.06964966048354819,0.05324174142787381,0.08695873276426248,2500,class-stratified percentile,AnOxPP,identity60_coverage80,Equal probability mean
AnOxPP | identity60_coverage80 | Equal probability mean,LogLoss,0.2529906567242981,0.18681497332897717,0.3269559814114631,2500,class-stratified percentile,AnOxPP,identity60_coverage80,Equal probability mean
AnOxPP | identity60_coverage80 | Equal logit mean,AUC,0.9711641153435387,0.9561337442150232,0.9847855108579566,2500,class-stratified percentile,AnOxPP,identity60_coverage80,Equal logit mean
AnOxPP | identity60_coverage80 | Equal logit mean,AUPRC,0.9766965097571699,0.965105544256825,0.98705271398757,2500,class-stratified percentile,AnOxPP,identity60_coverage80,Equal logit mean
AnOxPP | identity60_coverage80 | Equal logit mean,ACC,0.9292452830188679,0.9033018867924528,0.9528301886792453,2500,class-stratified percentile,AnOxPP,identity60_coverage80,Equal logit mean
AnOxPP | identity60_coverage80 | Equal logit mean,Balanced_ACC,0.9292452830188679,0.9033018867924528,0.9528301886792453,2500,class-stratified percentile,AnOxPP,identity60_coverage80,Equal logit mean
AnOxPP | identity60_coverage80 | Equal logit mean,F1,0.9299065420560748,0.9047619047619048,0.9530516431924883,2500,class-stratified percentile,AnOxPP,identity60_coverage80,Equal logit mean
AnOxPP | identity60_coverage80 | Equal logit mean,Precision,0.9212962962962963,0.8876272573021452,0.95260663507109,2500,class-stratified percentile,AnOxPP,identity60_coverage80,Equal logit mean
AnOxPP | identity60_coverage80 | Equal logit mean,Recall,0.9386792452830188,0.9056603773584906,0.9694575471698117,2500,class-stratified percentile,AnOxPP,identity60_coverage80,Equal logit mean
AnOxPP | identity60_coverage80 | Equal logit mean,Sensitivity,0.9386792452830188,0.9056603773584906,0.9694575471698117,2500,class-stratified percentile,AnOxPP,identity60_coverage80,Equal logit mean
AnOxPP | identity60_coverage80 | Equal logit mean,Specificity,0.9198113207547169,0.8820754716981132,0.9528301886792453,2500,class-stratified percentile,AnOxPP,identity60_coverage80,Equal logit mean
AnOxPP | identity60_coverage80 | Equal logit mean,MCC,0.8586434175596518,0.8071805241618006,0.9058216273156766,2500,class-stratified percentile,AnOxPP,identity60_coverage80,Equal logit mean
AnOxPP | identity60_coverage80 | Equal logit mean,Brier,0.06324631961288454,0.04356765262015465,0.08416413655764562,2500,class-stratified percentile,AnOxPP,identity60_coverage80,Equal logit mean
AnOxPP | identity60_coverage80 | Equal logit mean,LogLoss,0.2836742215897235,0.1831350068243444,0.39129473877316606,2500,class-stratified percentile,AnOxPP,identity60_coverage80,Equal logit mean
AnOxPP | identity60_coverage80 | Cross-fitted logistic fusion,AUC,0.980442328230687,0.9690948736205055,0.9901327207191171,2500,class-stratified percentile,AnOxPP,identity60_coverage80,Cross-fitted logistic fusion
AnOxPP | identity60_coverage80 | Cross-fitted logistic fusion,AUPRC,0.9836214548874004,0.9748675634834794,0.9914166152376542,2500,class-stratified percentile,AnOxPP,identity60_coverage80,Cross-fitted logistic fusion
AnOxPP | identity60_coverage80 | Cross-fitted logistic fusion,ACC,0.9292452830188679,0.9056603773584906,0.9528301886792453,2500,class-stratified percentile,AnOxPP,identity60_coverage80,Cross-fitted logistic fusion
AnOxPP | identity60_coverage80 | Cross-fitted logistic fusion,Balanced_ACC,0.929245283018868,0.9056603773584906,0.9528301886792452,2500,class-stratified percentile,AnOxPP,identity60_coverage80,Cross-fitted logistic fusion
AnOxPP | identity60_coverage80 | Cross-fitted logistic fusion,F1,0.9308755760368663,0.9074272636067219,0.9532710280373832,2500,class-stratified percentile,AnOxPP,identity60_coverage80,Cross-fitted logistic fusion
AnOxPP | identity60_coverage80 | Cross-fitted logistic fusion,Precision,0.9099099099099099,0.8755364806866953,0.943127962085308,2500,class-stratified percentile,AnOxPP,identity60_coverage80,Cross-fitted logistic fusion
AnOxPP | identity60_coverage80 | Cross-fitted logistic fusion,Recall,0.9528301886792453,0.9245283018867925,0.9811320754716981,2500,class-stratified percentile,AnOxPP,identity60_coverage80,Cross-fitted logistic fusion
AnOxPP | identity60_coverage80 | Cross-fitted logistic fusion,Sensitivity,0.9528301886792453,0.9245283018867925,0.9811320754716981,2500,class-stratified percentile,AnOxPP,identity60_coverage80,Cross-fitted logistic fusion
AnOxPP | identity60_coverage80 | Cross-fitted logistic fusion,Specificity,0.9056603773584906,0.8632075471698113,0.9433962264150944,2500,class-stratified percentile,AnOxPP,identity60_coverage80,Cross-fitted logistic fusion
AnOxPP | identity60_coverage80 | Cross-fitted logistic fusion,MCC,0.8594472296946094,0.8118990304530631,0.9058216273156766,2500,class-stratified percentile,AnOxPP,identity60_coverage80,Cross-fitted logistic fusion
AnOxPP | identity60_coverage80 | Cross-fitted logistic fusion,Brier,0.059194572589718414,0.04765743148992989,0.07162850710791452,2500,class-stratified percentile,AnOxPP,identity60_coverage80,Cross-fitted logistic fusion
AnOxPP | identity60_coverage80 | Cross-fitted logistic fusion,LogLoss,0.21382351393081148,0.1840752806419222,0.24549135429878705,2500,class-stratified percentile,AnOxPP,identity60_coverage80,Cross-fitted logistic fusion
